HERO_TYPEID,NAME_ID,DESC_ID,CAPTAIN_SKILL_NAME,CAPTAIN_SKILL_DESC,BASE_SKILL_NAME,BASE_SKILL_DESC,ICON_FILE,ICON_SPRITE_NAME,FBX_FILE,PORTARAIT,ATK_METHOD,MOVE_SPEED,LVLUP_METHOD,SERIES,STAR,LEADER,LIBRARY,SKILL_CAPTAIN,SKILL_BASE,EXP,COIN,INIT_HP,INIT_ATK,INIT_DEF,INIT_RECOVER,INIT_VIOLENCE,BASE_HP,BASE_ATK,BASE_DEF,BASE_RECOVER,BASE_VIOLENCE,MOVABLE,DEFAULT_SKILL_EFFECT_DELAY,SKILL_EFFECT_DELAY
10001,100011,100012,100013,100015,100014,100016,heroTemp,10001,10001,10001,0,6,0,2,2,2,1,45010,46100,200,,1628,505,390,413,500,27,8,6,7,0,1,,
10002,100021,100022,100023,100025,100024,100026,heroTemp,10002,10002,10002,0,6,0,2,3,4,2,45011,46100,500,,2035,632,488,517,500,27,8,6,7,0,1,,
10003,100031,100032,100033,100035,100034,100036,heroTemp,10003,10003,10003,0,6,0,2,4,8,3,45013,46100,1000,,2544,790,610,646,500,23,7,5,6,0,1,,
10004,100041,100042,100043,100045,100044,100046,heroTemp,10004,10004,10004,0,6,0,2,5,10,4,45014,46100,1500,,3180,987,763,807,500,19,6,4,5,0,1,,
10005,100051,100052,100053,100055,100054,100056,heroTemp,10005,10005,10005,0,6,0,2,6,20,5,45039,46100,2000,,3974,1234,953,1009,500,15,5,4,4,0,1,,
10006,100061,100062,100063,100065,100064,100066,heroTemp,10006,10006,10006,0,6,0,1,2,2,6,45005,46100,200,,1705,423,459,505,500,28,7,7,8,0,2,,
10007,100071,100072,100073,100075,100074,100076,heroTemp,10007,10007,10007,0,6,0,1,3,4,7,45006,46100,500,,2132,528,574,632,500,28,7,7,8,0,2,,
10008,100081,100082,100083,100085,100084,100086,heroTemp,10008,10008,10008,0,6,0,1,4,8,8,45008,46100,1000,,2665,660,718,790,500,24,6,6,7,0,2,,
10009,100091,100092,100093,100095,100094,100096,heroTemp,10009,10009,10009,0,6,0,1,5,10,9,45009,46100,1500,,3331,825,897,987,500,20,5,5,6,0,2,,
10010,100101,100102,100103,100105,100104,100106,heroTemp,10010,10010,10010,0,6,0,1,6,20,10,45038,46100,2000,,4164,1032,1122,1234,500,16,4,4,5,0,2,,
10011,100111,100112,100113,100115,100114,100116,heroTemp,10011,10011,10011,0,6,0,3,2,2,11,45015,46100,200,,1581,423,505,505,500,26,7,8,8,0,1,,
10012,100121,100122,100123,100125,100124,100126,heroTemp,10012,10012,10012,0,6,0,3,3,4,12,45016,46100,500,,1977,528,632,632,500,26,7,8,8,0,1,,
10013,100131,100132,100133,100135,100134,100136,heroTemp,10013,10013,10013,0,6,0,3,4,8,13,45018,46100,1000,,2471,660,790,790,500,22,6,7,7,0,1,,
10014,100141,100142,100143,100145,100144,100146,heroTemp,10014,10014,10014,0,6,0,3,5,10,14,45019,46100,1500,,3089,825,987,987,500,19,5,6,6,0,1,,
10015,100151,100152,100153,100155,100154,100156,heroTemp,10015,10015,10015,0,6,0,3,6,20,15,45040,46100,2000,,3861,1032,1234,1234,500,15,4,5,5,0,1,,
10016,100161,100162,100163,100165,100164,100166,heroTemp,10016,10016,10016,0,6,0,4,2,2,16,45020,46100,200,,1550,459,459,459,500,26,7,7,7,0,2,,
10017,100171,100172,100173,100175,100174,100176,heroTemp,10017,10017,10017,0,6,0,4,3,4,17,45021,46100,500,,1938,574,574,574,500,26,7,7,7,0,2,,
10018,100181,100182,100183,100185,100184,100186,heroTemp,10018,10018,10018,0,6,0,4,4,8,18,45023,46100,1000,,2422,718,718,718,500,22,6,6,6,0,2,,
10019,100191,100192,100193,100195,100194,100196,heroTemp,10019,10019,10019,0,6,0,4,5,10,19,45024,46100,1500,,3028,897,897,897,500,18,5,5,5,0,2,,
10020,100201,100202,100203,100205,100204,100206,heroTemp,10020,10020,10020,0,6,0,4,6,20,20,45041,46100,2000,,3785,1122,1122,1122,500,15,4,4,4,0,2,,
10021,100211,100212,100213,100215,100214,100216,heroTemp,10021,10021,10021,0,6,0,5,2,2,21,45025,46100,200,,1628,531,531,289,525,27,8,8,5,0,1,,
10022,100221,100222,100223,100225,100224,100226,heroTemp,10022,10022,10022,0,6,0,5,3,4,22,45026,46100,500,,2035,663,663,362,525,27,8,8,5,0,1,,
10023,100231,100232,100233,100235,100234,100236,heroTemp,10023,10023,10023,0,6,0,5,4,8,23,45028,46100,1000,,2544,829,829,452,525,23,7,7,4,0,1,,
10024,100241,100242,100243,100245,100244,100246,heroTemp,10024,10024,10024,0,6,0,5,5,10,24,45029,46100,1500,,3180,1036,1036,565,525,19,6,6,3,0,1,,
10025,100251,100252,100253,100255,100254,100256,heroTemp,10025,10025,10025,0,6,0,5,6,20,25,45042,46100,2000,,3974,1295,1295,707,525,15,5,5,3,0,1,,
10026,100261,100262,100263,100265,100264,100266,heroTemp,10026,10026,10026,0,6,0,6,2,2,26,45030,46100,200,,1532,526,430,526,520,25,8,7,8,0,1,,
10027,100271,100272,100273,100275,100274,100276,heroTemp,10027,10027,10027,0,6,0,6,3,4,27,45031,46100,500,,1915,657,537,657,520,25,8,7,8,0,1,,
10028,100281,100282,100283,100285,100284,100286,heroTemp,10028,10028,10028,0,6,0,6,4,8,28,45033,46100,1000,,2393,821,672,821,520,22,7,6,7,0,1,,
10029,100291,100292,100293,100295,100294,100296,heroTemp,10029,10029,10029,0,6,0,6,5,10,29,45034,46100,1500,,2992,1026,840,1026,520,18,6,5,6,0,1,,
10030,100301,100302,100303,100305,100304,100306,heroTemp,10030,10030,10030,0,6,0,6,6,20,30,45043,46100,2000,,3740,1283,1050,1283,520,15,5,4,5,0,1,,
10031,100311,100312,100313,100315,100314,100316,heroTemp,10031,10031,10031,0,6,6,2,1,2,31,,,100,,1100,350,350,350,500,0,0,0,0,0,2,,
10032,100321,100322,100323,100325,100324,100326,heroTemp,10032,10032,10032,0,6,6,1,1,2,32,,,100,,1100,350,350,350,500,0,0,0,0,0,2,,
10033,100331,100332,100333,100335,100334,100336,heroTemp,10033,10033,10033,0,6,6,3,1,2,33,,,100,,1100,350,350,350,500,0,0,0,0,0,2,,
10034,100341,100342,100343,100345,100344,100346,heroTemp,10034,10034,10034,0,6,6,4,1,2,34,,,100,,1100,350,350,350,500,0,0,0,0,0,2,,
10035,100351,100352,100353,100355,100354,100356,heroTemp,10035,10035,10035,0,6,6,5,1,2,35,,,100,,1100,350,350,350,500,0,0,0,0,0,2,,
10036,100361,100362,100363,100365,100364,100366,heroTemp,10036,10036,10036,0,6,6,6,1,2,36,,,100,,1100,350,350,350,500,0,0,0,0,0,2,,
10037,100371,100372,100373,100375,100374,100376,heroTemp,10037,10037,10037,0,6,6,2,2,5,37,,,200,,1400,430,430,430,500,0,0,0,0,0,2,,
10038,100381,100382,100383,100385,100384,100386,heroTemp,10038,10038,10038,0,6,6,1,2,5,38,,,200,,1400,430,430,430,500,0,0,0,0,0,2,,
10039,100391,100392,100393,100395,100394,100396,heroTemp,10039,10039,10039,0,6,6,3,2,5,39,,,200,,1400,430,430,430,500,0,0,0,0,0,2,,
10040,100401,100402,100403,100405,100404,100406,heroTemp,10040,10040,10040,0,6,6,4,2,5,40,,,200,,1400,430,430,430,500,0,0,0,0,0,2,,
10041,100411,100412,100413,100415,100414,100416,heroTemp,10041,10041,10041,0,6,6,5,2,5,41,,,200,,1400,430,430,430,500,0,0,0,0,0,2,,
10042,100421,100422,100423,100425,100424,100426,heroTemp,10042,10042,10042,0,6,6,6,2,5,42,,,200,,1400,430,430,430,500,0,0,0,0,0,2,,
10043,100431,100432,100433,100435,100434,100436,heroTemp,10043,10043,10043,0,6,6,2,3,8,43,,,500,,1800,550,500,600,500,0,0,0,0,0,2,,
10044,100441,100442,100443,100445,100444,100446,heroTemp,10044,10044,10044,0,6,6,1,3,8,44,,,500,,1800,550,500,600,500,0,0,0,0,0,2,,
10045,100451,100452,100453,100455,100454,100456,heroTemp,10045,10045,10045,0,6,6,3,3,8,45,,,500,,1800,550,500,600,500,0,0,0,0,0,2,,
10046,100461,100462,100463,100465,100464,100466,heroTemp,10046,10046,10046,0,6,6,4,3,8,46,,,500,,1800,550,500,600,500,0,0,0,0,0,2,,
10047,100471,100472,100473,100475,100474,100476,heroTemp,10047,10047,10047,0,6,6,5,3,8,47,,,500,,1800,550,500,600,500,0,0,0,0,0,2,,
10048,100481,100482,100483,100485,100484,100486,heroTemp,10048,10048,10048,0,6,6,6,3,8,48,,,500,,1800,550,500,600,500,0,0,0,0,0,2,,
10049,100491,100492,100493,100495,100494,100496,heroTemp,10049,10049,10049,0,6,6,2,3,4,49,,,500,,2000,600,500,500,500,0,0,0,0,0,2,,
10050,100501,100502,100503,100505,100504,100506,heroTemp,10050,10050,10050,0,6,6,1,3,4,50,,,500,,2000,600,500,500,500,0,0,0,0,0,2,,
10051,100511,100512,100513,100515,100514,100516,heroTemp,10051,10051,10051,0,6,6,3,3,4,51,,,500,,2000,600,500,500,500,0,0,0,0,0,2,,
10052,100521,100522,100523,100525,100524,100526,heroTemp,10052,10052,10052,0,6,6,4,3,4,52,,,500,,2000,600,500,500,500,0,0,0,0,0,2,,
10053,100531,100532,100533,100535,100534,100536,heroTemp,10053,10053,10053,0,6,6,5,3,4,53,,,500,,2000,600,500,500,500,0,0,0,0,0,2,,
10054,100541,100542,100543,100545,100544,100546,heroTemp,10054,10054,10054,0,6,6,6,3,4,54,,,500,,2000,600,500,500,500,0,0,0,0,0,2,,
10055,100551,100552,100553,100555,100554,100556,heroTemp,10055,10055,10055,0,6,6,2,4,10,55,,,1000,,2300,650,650,600,500,0,0,0,0,0,2,,
10056,100561,100562,100563,100565,100564,100566,heroTemp,10056,10056,10056,0,6,6,1,4,10,56,,,1000,,2300,650,650,600,500,0,0,0,0,0,2,,
10057,100571,100572,100573,100575,100574,100576,heroTemp,10057,10057,10057,0,6,6,3,4,10,57,,,1000,,2300,650,650,600,500,0,0,0,0,0,2,,
10058,100581,100582,100583,100585,100584,100586,heroTemp,10058,10058,10058,0,6,6,4,4,10,58,,,1000,,2300,650,650,600,500,0,0,0,0,0,2,,
10059,100591,100592,100593,100595,100594,100596,heroTemp,10059,10059,10059,0,6,6,5,4,10,59,,,1000,,2300,650,650,600,500,0,0,0,0,0,2,,
10060,100601,100602,100603,100605,100604,100606,heroTemp,10060,10060,10060,0,6,6,6,4,10,60,,,1000,,2300,650,650,600,500,0,0,0,0,0,2,,
10061,100611,100612,100613,100615,100614,100616,heroTemp,10061,10061,10061,0,6,6,5,5,12,61,,,1500,,2800,850,800,850,500,0,0,0,0,0,2,,
10062,100621,100622,100623,100625,100624,100626,heroTemp,10062,10062,10062,0,6,6,6,3,2,62,,,500,,1500,650,500,500,500,0,0,0,0,0,1,,
10063,100631,100632,100633,100635,100634,100636,heroTemp,10063,10063,10063,0,6,6,6,4,6,63,,,1000,,1800,700,550,600,500,0,0,0,0,0,1,,
10064,100641,100642,100643,100645,100644,100646,heroTemp,10064,10064,10064,0,6,6,6,5,10,64,,,1500,,2100,800,650,700,500,0,0,0,0,0,1,,
10065,100651,100652,100653,100655,100654,100656,heroTemp,10065,10065,10065,0,6,5,5,2,2,65,,,200,,1400,250,200,200,500,0,0,0,0,0,1,,
10066,100661,100662,100663,100665,100664,100666,heroTemp,10066,10066,10066,0,6,5,5,3,4,66,,,500,,1500,300,250,250,500,0,0,0,0,0,1,,
10067,100671,100672,100673,100675,100674,100676,heroTemp,10067,10067,10067,0,6,5,5,4,6,67,,,1000,,1600,350,300,300,500,0,0,0,0,0,1,,
10068,100681,100682,100683,100685,100684,100686,heroTemp,10068,10068,10068,0,6,4,2,3,3,68,,,1500,,1500,200,200,200,500,0,0,0,0,0,1,,
10069,100691,100692,100693,100695,100694,100696,heroTemp,10069,10069,10069,0,6,4,2,4,6,69,,,11000,,1800,250,250,250,500,0,0,0,0,0,1,,
10070,100701,100702,100703,100705,100704,100706,heroTemp,10070,10070,10070,0,6,4,2,5,9,70,,,51500,,2100,300,300,300,500,0,0,0,0,0,1,,
10071,100711,100712,100713,100715,100714,100716,heroTemp,10071,10071,10071,0,6,4,1,3,3,71,,,1500,,1500,200,200,200,500,0,0,0,0,0,1,,
10072,100721,100722,100723,100725,100724,100726,heroTemp,10072,10072,10072,0,6,4,1,4,6,72,,,11000,,1800,250,250,250,500,0,0,0,0,0,1,,
10073,100731,100732,100733,100735,100734,100736,heroTemp,10073,10073,10073,0,6,4,1,5,9,73,,,51500,,2100,300,300,300,500,0,0,0,0,0,1,,
10074,100741,100742,100743,100745,100744,100746,heroTemp,10074,10074,10074,0,6,4,3,3,3,74,,,1500,,1500,200,200,200,500,0,0,0,0,0,1,,
10075,100751,100752,100753,100755,100754,100756,heroTemp,10075,10075,10075,0,6,4,3,4,6,75,,,11000,,1800,250,250,250,500,0,0,0,0,0,1,,
10076,100761,100762,100763,100765,100764,100766,heroTemp,10076,10076,10076,0,6,4,3,5,9,76,,,51500,,2100,300,300,300,500,0,0,0,0,0,1,,
10077,100771,100772,100773,100775,100774,100776,heroTemp,10077,10077,10077,0,6,4,4,3,3,77,,,1500,,1500,200,200,200,500,0,0,0,0,0,1,,
10078,100781,100782,100783,100785,100784,100786,heroTemp,10078,10078,10078,0,6,4,4,4,6,78,,,11000,,1800,250,250,250,500,0,0,0,0,0,1,,
10079,100791,100792,100793,100795,100794,100796,heroTemp,10079,10079,10079,0,6,4,4,5,9,79,,,51500,,2100,300,300,300,500,0,0,0,0,0,1,,
10080,100801,100802,100803,100805,100804,100806,heroTemp,10080,10080,10080,0,6,4,5,3,3,80,,,1500,,1500,200,200,200,500,0,0,0,0,0,1,,
10081,100811,100812,100813,100815,100814,100816,heroTemp,10081,10081,10081,0,6,4,5,4,6,81,,,11000,,1800,250,250,250,500,0,0,0,0,0,1,,
10082,100821,100822,100823,100825,100824,100826,heroTemp,10082,10082,10082,0,6,4,5,5,9,82,,,51500,,2100,300,300,300,500,0,0,0,0,0,1,,
10083,100831,100832,100833,100835,100834,100836,heroTemp,10083,10083,10083,0,6,4,6,3,3,83,,,1500,,1500,200,200,200,500,0,0,0,0,0,1,,
10084,100841,100842,100843,100845,100844,100846,heroTemp,10084,10084,10084,0,6,4,6,4,6,84,,,11000,,1800,250,250,250,500,0,0,0,0,0,1,,
10085,100851,100852,100853,100855,100854,100856,heroTemp,10085,10085,10085,0,6,4,6,5,9,85,,,51500,,2100,300,300,300,500,0,0,0,0,0,1,,
10086,100861,100862,100863,100865,100864,100866,heroTemp,10086,10086,10086,0,6,8,2,5,10,86,,,200000,,2300,400,400,400,500,0,0,0,0,0,1,,
10087,100871,100872,100873,100875,100874,100876,heroTemp,10087,10087,10087,0,6,8,1,5,10,87,,,200000,,2300,400,400,400,500,0,0,0,0,0,1,,
10088,100881,100882,100883,100885,100884,100886,heroTemp,10088,10088,10088,0,6,8,3,5,10,88,,,200000,,2300,400,400,400,500,0,0,0,0,0,1,,
10089,100891,100892,100893,100895,100894,100896,heroTemp,10089,10089,10089,0,6,8,4,5,10,89,,,200000,,2300,400,400,400,500,0,0,0,0,0,1,,
10090,100901,100902,100903,100905,100904,100906,heroTemp,10090,10090,10090,0,6,8,5,5,10,90,,,200000,,2300,400,400,400,500,0,0,0,0,0,1,,
10091,100911,100912,100913,100915,100914,100916,heroTemp,10091,10091,10091,0,6,8,6,5,10,91,,,200000,,2300,400,400,400,500,0,0,0,0,0,1,,
10092,100921,100922,100923,100925,100924,100926,heroTemp,10092,10092,10092,0,6,7,7,3,2,92,,,500,,1500,200,200,200,500,0,0,0,0,0,1,,
10093,100931,100932,100933,100935,100934,100936,heroTemp,10093,10093,10093,0,6,7,7,4,2,93,,,1000,,1800,250,250,250,500,0,0,0,0,0,1,,
10094,100941,100942,100943,100945,100944,100946,heroTemp,10094,10094,10094,0,6,7,7,5,2,94,,,1500,,2100,300,300,300,500,0,0,0,0,0,1,,
10095,100951,100952,100953,100955,100954,100956,heroTemp,10095,10095,10095,0,6,0,2,1,1,95,,46000,100,,1173,376,264,294,500,56,17,12,13,0,1,,
10096,100961,100962,100963,100965,100964,100966,heroTemp,10096,10096,10096,0,6,0,2,2,2,96,,46000,200,,1466,470,330,368,500,24,8,5,6,0,1,,
10097,100971,100972,100973,100975,100974,100976,heroTemp,10097,10097,10097,0,6,0,2,3,4,97,,46000,500,,1832,588,412,460,500,24,8,5,6,0,1,,
10098,100981,100982,100983,100985,100984,100986,heroTemp,10098,10098,10098,0,6,0,1,1,1,98,,46000,100,,1313,323,308,334,500,62,15,14,15,0,1,,
10099,100991,100992,100993,100995,100994,100996,heroTemp,10099,10099,10099,0,6,0,1,2,2,99,,46000,200,,1641,404,385,417,500,27,6,6,7,0,1,,
10100,101001,101002,101003,101005,101004,101006,heroTemp,10100,10100,10100,0,6,0,1,3,4,100,,46000,500,,2051,505,482,521,500,27,6,6,7,0,1,,
10101,101011,101012,101013,101015,101014,101016,heroTemp,10101,10101,10101,0,6,0,3,1,1,101,,46000,100,,1122,283,334,379,500,53,13,15,17,0,1,,
10102,101021,101022,101023,101025,101024,101026,heroTemp,10102,10102,10102,0,6,0,3,2,2,102,,46000,200,,1402,353,418,474,500,23,6,7,8,0,1,,
10103,101031,101032,101033,101035,101034,101036,heroTemp,10103,10103,10103,0,6,0,3,3,4,103,,46000,500,,1752,442,522,592,500,23,6,7,8,0,1,,
10104,101041,101042,101043,101045,101044,101046,heroTemp,10104,10104,10104,0,6,0,4,1,1,104,,46000,100,,1035,310,331,364,500,49,14,15,17,0,1,,
10105,101051,101052,101053,101055,101054,101056,heroTemp,10105,10105,10105,0,6,0,4,2,2,105,,46000,200,,1293,387,413,455,500,21,6,7,7,0,1,,
10106,101061,101062,101063,101065,101064,101066,heroTemp,10106,10106,10106,0,6,0,4,3,4,106,,46000,500,,1616,484,517,569,500,21,6,7,7,0,1,,
10107,101071,101072,101073,101075,101074,101076,heroTemp,10107,10107,10107,0,6,0,5,1,1,107,,46000,100,,1046,382,358,188,500,50,17,16,9,0,1,,
10108,101081,101082,101083,101085,101084,101086,heroTemp,10108,10108,10108,0,6,0,5,2,2,108,,46000,200,,1308,477,448,234,500,22,8,7,4,0,1,,
10109,101091,101092,101093,101095,101094,101096,heroTemp,10109,10109,10109,0,6,0,5,3,4,109,,46000,500,,1635,597,560,293,500,22,8,7,4,0,1,,
10110,101101,101102,101103,101105,101104,101106,heroTemp,10110,10110,10110,0,6,0,6,1,1,110,,46000,100,,999,326,317,384,500,47,15,15,18,0,1,,
10111,101111,101112,101113,101115,101114,101116,heroTemp,10111,10111,10111,0,6,0,6,2,2,111,,46000,200,,1248,407,397,479,500,21,7,6,8,0,1,,
10112,101121,101122,101123,101125,101124,101126,heroTemp,10112,10112,10112,0,6,0,6,3,4,112,,46000,500,,1560,509,496,599,500,21,7,6,8,0,1,,
10113,101131,101132,101133,101135,101134,101136,heroTemp,10113,10113,10113,0,6,0,2,1,1,113,,46300,100,,1186,396,342,340,500,56,18,16,16,0,2,,
10114,101141,101142,101143,101145,101144,101146,heroTemp,10114,10114,10114,0,6,0,2,2,2,114,,46300,200,,1482,495,427,425,500,25,8,7,7,0,2,,
10115,101151,101152,101153,101155,101154,101156,heroTemp,10115,10115,10115,0,6,0,2,3,4,115,,46300,500,,1853,618,534,531,500,25,8,7,7,0,2,,
10116,101161,101162,101163,101165,101164,101166,heroTemp,10116,10116,10116,0,6,0,1,1,1,116,45100,46200,100,,1355,344,337,423,500,64,16,15,19,0,1,,
10117,101171,101172,101173,101175,101174,101176,heroTemp,10117,10117,10117,0,6,0,1,2,2,117,45100,46200,200,,1693,430,421,528,500,28,7,7,8,0,1,,
10118,101181,101182,101183,101185,101184,101186,heroTemp,10118,10118,10118,0,6,0,1,3,4,118,45100,46201,500,,2117,538,527,661,500,28,7,7,8,0,1,,
10119,101191,101192,101193,101195,101194,101196,heroTemp,10119,10119,10119,0,6,0,3,1,1,119,45102,46200,100,,1229,357,413,426,500,58,16,19,19,0,2,,
10120,101201,101202,101203,101205,101204,101206,heroTemp,10120,10120,10120,0,6,0,3,2,2,120,45102,46200,200,,1536,447,517,532,500,25,7,8,9,0,2,,
10121,101211,101212,101213,101215,101214,101216,heroTemp,10121,10121,10121,0,6,0,3,3,4,121,45102,46201,500,,1920,558,646,665,500,25,7,8,9,0,2,,
10122,101221,101222,101223,101225,101224,101226,heroTemp,10122,10122,10122,0,6,0,4,1,1,122,45103,46250,100,,1133,385,364,337,500,54,18,17,15,0,1,,
10123,101231,101232,101233,101235,101234,101236,heroTemp,10123,10123,10123,0,6,0,4,2,2,123,45103,46250,200,,1416,481,455,421,500,23,8,7,7,0,1,,
10124,101241,101242,101243,101245,101244,101246,heroTemp,10124,10124,10124,0,6,0,4,3,4,124,45103,46251,500,,1770,601,569,526,500,23,8,7,7,0,1,,
10125,101251,101252,101253,101255,101254,101256,heroTemp,10125,10125,10125,0,6,0,5,1,1,125,45104,46200,100,,1363,403,441,210,500,65,18,20,10,0,2,,
10126,101261,101262,101263,101265,101264,101266,heroTemp,10126,10126,10126,0,6,0,5,2,2,126,45104,46200,200,,1703,503,552,263,500,28,8,9,4,0,2,,
10127,101271,101272,101273,101275,101274,101276,heroTemp,10127,10127,10127,0,6,0,5,3,4,127,45104,46201,500,,2129,629,689,328,500,28,8,9,4,0,2,,
10128,101281,101282,101283,101285,101284,101286,heroTemp,10128,10128,10128,0,6,0,6,1,1,128,45105,46303,100,,1040,373,308,373,500,49,17,14,17,0,1,,
10129,101291,101292,101293,101295,101294,101296,heroTemp,10129,10129,10129,0,6,0,6,2,2,129,45105,46303,200,,1300,466,385,466,500,22,7,6,7,0,1,,
10130,101301,101302,101303,101305,101304,101306,heroTemp,10130,10130,10130,0,6,0,6,3,4,130,45105,46303,500,,1625,582,482,583,500,22,7,6,7,0,1,,
10131,101311,101312,101313,101315,101314,101316,heroTemp,10131,10131,10131,0,6,0,2,1,1,131,,46301,100,,1297,372,322,352,500,62,17,15,16,0,2,,
10132,101321,101322,101323,101325,101324,101326,heroTemp,10132,10132,10132,0,6,0,2,2,2,132,,46301,200,,1622,465,402,440,500,27,7,6,7,0,2,,
10133,101331,101332,101333,101335,101334,101336,heroTemp,10133,10133,10133,0,6,0,2,3,4,133,,46301,500,,2027,581,503,550,500,27,7,6,7,0,2,,
10134,101341,101342,101343,101345,101344,101346,heroTemp,10134,10134,10134,0,6,0,1,1,1,134,,46250,100,,1425,337,357,371,500,68,15,16,17,0,2,,
10135,101351,101352,101353,101355,101354,101356,heroTemp,10135,10135,10135,0,6,0,1,2,2,135,,46250,200,,1781,421,446,463,500,30,7,7,7,0,2,,
10136,101361,101362,101363,101365,101364,101366,heroTemp,10136,10136,10136,0,6,0,1,3,4,136,,46251,500,,2227,526,557,579,500,30,7,7,7,0,2,,
10137,101371,101372,101373,101375,101374,101376,heroTemp,10137,10137,10137,0,6,0,3,1,1,137,,46304,100,,1350,322,384,444,500,64,15,18,20,0,1,,
10138,101381,101382,101383,101385,101384,101386,heroTemp,10138,10138,10138,0,6,0,3,2,2,138,,46304,200,,1688,402,480,555,500,28,6,8,9,0,1,,
10139,101391,101392,101393,101395,101394,101396,heroTemp,10139,10139,10139,0,6,0,3,3,4,139,,46304,500,,2109,503,600,694,500,28,6,8,9,0,1,,
10140,101401,101402,101403,101405,101404,101406,heroTemp,95001,95001,95001,0,6,0,4,1,1,140,,46303,100,,1349,396,345,336,500,64,18,16,15,0,1,,
10141,101411,101412,101413,101415,101414,101416,heroTemp,10141,10141,10141,0,6,0,4,2,2,141,,46303,200,,1687,496,432,420,500,28,8,7,7,0,1,,
10142,101421,101422,101423,101425,101424,101426,heroTemp,10142,10142,10142,0,6,0,4,3,4,142,,46303,500,,2108,619,540,525,500,28,8,7,7,0,1,,
10143,101431,101432,101433,101435,101434,101436,heroTemp,10143,10143,10143,0,6,0,5,1,1,143,,46400,100,,1330,397,396,216,500,63,18,18,10,0,1,,
10144,101441,101442,101443,101445,101444,101446,heroTemp,10144,10144,10144,0,6,0,5,2,2,144,,46400,200,,1662,496,495,270,500,28,8,8,4,0,1,,
10145,101451,101452,101453,101455,101454,101456,heroTemp,10145,10145,10145,0,6,0,5,3,4,145,,46400,500,,2078,620,619,337,500,28,8,8,4,0,1,,
10146,101461,101462,101463,101465,101464,101466,heroTemp,10146,10146,10146,0,6,0,6,1,1,146,,46300,100,,1048,442,321,399,500,50,20,15,18,0,1,,
10147,101471,101472,101473,101475,101474,101476,heroTemp,10147,10147,10147,0,6,0,6,2,2,147,,46300,200,,1309,552,402,499,500,22,9,6,8,0,1,,
10148,101481,101482,101483,101485,101484,101486,heroTemp,10148,10148,10148,0,6,0,6,3,4,148,,46300,500,,1637,690,502,623,500,22,9,6,8,0,1,,
10149,101491,101492,101493,101495,101494,101496,heroTemp,10149,10149,10149,0,6,0,2,2,3,149,45506,46401,200,,1684,534,398,449,500,28,9,6,7,0,1,,
10150,101501,101502,101503,101505,101504,101506,heroTemp,10150,10150,10150,0,6,0,2,3,5,150,45506,46401,500,,2105,668,498,561,500,28,9,6,7,0,1,,
10151,101511,101512,101513,101515,101514,101516,heroTemp,10151,10151,10151,0,6,0,2,4,7,151,45506,46401,1000,,2631,834,622,702,500,24,7,5,6,0,1,,
10152,101521,101522,101523,101525,101524,101526,heroTemp,10152,10152,10152,0,6,0,1,2,3,152,,46406,200,,1649,436,491,539,500,27,7,8,9,0,1,,
10153,101531,101532,101533,101535,101534,101536,heroTemp,10153,10153,10153,0,6,0,1,3,5,153,,46406,500,,2061,545,614,674,500,27,7,8,9,0,1,,
10154,101541,101542,101543,101545,101544,101546,heroTemp,10154,10154,10154,0,6,0,1,4,7,154,,46406,1000,,2576,682,768,843,500,23,6,7,7,0,1,,
10155,101551,101552,101553,101555,101554,101556,heroTemp,10155,10155,10155,0,6,0,3,2,3,155,45200,46402,200,,1718,399,473,548,500,29,6,8,9,0,1,,
10156,101561,101562,101563,101565,101564,101566,heroTemp,10156,10156,10156,0,6,0,3,3,5,156,45200,46402,500,,2147,499,591,686,500,29,6,8,9,0,1,,
10157,101571,101572,101573,101575,101574,101576,heroTemp,10157,10157,10157,0,6,0,3,4,7,157,45200,46402,1000,,2684,624,739,857,500,24,5,6,8,0,1,,
10158,101581,101582,101583,101585,101584,101586,heroTemp,10158,10158,10158,0,6,0,4,2,3,158,45303,46405,200,,1520,481,432,443,500,25,8,7,7,0,1,,
10159,101591,101592,101593,101595,101594,101596,heroTemp,10159,10159,10159,0,6,0,4,3,5,159,45303,46405,500,,1900,601,541,553,500,25,8,7,7,0,1,,
10160,101601,101602,101603,101605,101604,101606,heroTemp,10160,10160,10160,0,6,0,4,4,7,160,45303,46405,1000,,2375,751,676,692,500,22,7,6,6,0,1,,
10161,101611,101612,101613,101615,101614,101616,heroTemp,10161,10161,10161,0,6,0,2,2,3,161,,46401,200,,1786,501,426,447,500,30,8,7,7,0,1,,
10162,101621,101622,101623,101625,101624,101626,heroTemp,10162,10162,10162,0,6,0,2,3,5,162,,46401,500,,2232,626,533,558,500,30,8,7,7,0,1,,
10163,101631,101632,101633,101635,101634,101636,heroTemp,10163,10163,10163,0,6,0,2,4,7,163,,46401,1000,,2790,783,666,698,500,25,7,6,6,0,1,,
10164,101641,101642,101643,101645,101644,101646,heroTemp,10164,10164,10164,0,6,0,1,2,3,164,,46305,200,,1855,428,483,482,500,31,7,8,8,0,1,,
10165,101651,101652,101653,101655,101654,101656,heroTemp,10165,10165,10165,0,6,0,1,3,5,165,,46305,500,,2319,535,604,602,500,31,7,8,8,0,1,,
10166,101661,101662,101663,101665,101664,101666,heroTemp,10166,10166,10166,0,6,0,1,4,7,166,,46305,1000,,2899,669,755,753,500,26,6,7,7,0,1,,
10167,101671,101672,101673,101675,101674,101676,heroTemp,10167,10167,10167,0,6,0,3,2,3,167,,,200,,1633,459,468,503,500,27,7,7,8,0,1,,
10168,101681,101682,101683,101685,101684,101686,heroTemp,10168,10168,10168,0,6,0,3,3,5,168,,,500,,2041,574,585,628,500,27,7,7,8,0,1,,
10169,101691,101692,101693,101695,101694,101696,heroTemp,10169,10169,10169,0,6,0,3,4,7,169,,,1000,,2551,718,731,785,500,23,6,6,7,0,1,,
10170,101701,101702,101703,101705,101704,101706,heroTemp,10170,10170,10170,0,6,0,4,2,3,170,,46301,200,,1583,452,459,427,500,26,7,7,7,0,1,,
10171,101711,101712,101713,101715,101714,101716,heroTemp,10171,10171,10171,0,6,0,4,3,5,171,,46301,500,,1979,565,574,533,500,26,7,7,7,0,1,,
10172,101721,101722,101723,101725,101724,101726,heroTemp,10172,10172,10172,0,6,0,4,4,7,172,,46301,1000,,2474,706,718,667,500,23,6,6,6,0,1,,
10173,101731,101732,101733,101735,101734,101736,heroTemp,10173,10173,10173,0,6,0,5,2,3,173,45500,46407,200,,1652,491,543,259,500,27,8,9,4,0,1,,
10174,101741,101742,101743,101745,101744,101746,heroTemp,10174,10174,10174,0,6,0,5,3,5,174,45500,46407,500,,2065,614,678,324,500,27,8,9,4,0,1,,
10175,101751,101752,101753,101755,101754,101756,heroTemp,10175,10175,10175,0,6,0,5,4,7,175,45500,46407,1000,,2581,768,848,405,500,23,7,7,4,0,1,,
10176,101761,101762,101763,101765,101764,101766,heroTemp,10176,10176,10176,0,6,0,6,2,3,176,45503,46404,200,,1261,546,444,523,500,21,9,7,8,0,1,,
10177,101771,101772,101773,101775,101774,101776,heroTemp,10177,10177,10177,0,6,0,6,3,5,177,45503,46404,500,,1576,682,555,653,500,21,9,7,8,0,1,,
10178,101781,101782,101783,101785,101784,101786,heroTemp,10178,10178,10178,0,6,0,6,4,7,178,45503,46404,1000,,1970,853,693,817,500,18,7,6,7,0,1,,
10179,101791,101792,101793,101795,101794,101796,heroTemp,10179,10179,10179,0,6,0,2,2,3,179,,,200,,1489,506,382,432,500,25,8,6,7,0,0,,
10180,101801,101802,101803,101805,101804,101806,heroTemp,10180,10180,10180,0,6,0,2,3,5,180,,,500,,1861,632,478,540,500,25,8,6,7,0,0,,
10181,101811,101812,101813,101815,101814,101816,heroTemp,10181,10181,10181,0,6,0,2,4,7,181,,,1000,,2327,790,597,675,500,21,7,5,6,0,0,,
10182,101821,101822,101823,101825,101824,101826,heroTemp,10182,10182,10182,0,6,0,1,2,3,182,,,200,,1715,408,456,496,500,28,7,7,8,0,0,,
10183,101831,101832,101833,101835,101834,101836,heroTemp,10183,10183,10183,0,6,0,1,3,5,183,,,500,,2144,510,571,619,500,28,7,7,8,0,0,,
10184,101841,101842,101843,101845,101844,101846,heroTemp,10184,10184,10184,0,6,0,1,4,7,184,,,1000,,2680,638,713,774,500,24,6,6,7,0,0,,
10185,101851,101852,101853,101855,101854,101856,heroTemp,10185,10185,10185,0,6,0,3,2,3,185,,,200,,1527,410,472,540,500,25,7,8,9,0,0,,
10186,101861,101862,101863,101865,101864,101866,heroTemp,10186,10186,10186,0,6,0,3,3,5,186,,,500,,1909,513,590,675,500,25,7,8,9,0,0,,
10187,101871,101872,101873,101875,101874,101876,heroTemp,10187,10187,10187,0,6,0,3,4,7,187,,,1000,,2386,641,737,844,500,22,6,6,7,0,0,,
10188,101881,101882,101883,101885,101884,101886,heroTemp,10188,10188,10188,0,6,0,4,2,3,188,,,200,,1690,447,420,490,500,28,7,7,8,0,0,,
10189,101891,101892,101893,101895,101894,101896,heroTemp,10189,10189,10189,0,6,0,4,3,5,189,,,500,,2113,559,524,613,500,28,7,7,8,0,0,,
10190,101901,101902,101903,101905,101904,101906,heroTemp,10190,10190,10190,0,6,0,4,4,7,190,,,1000,,2641,698,655,766,500,24,6,6,7,0,0,,
10191,101911,101912,101913,101915,101914,101916,heroTemp,10191,10191,10191,0,6,0,5,2,3,191,,,200,,1547,528,472,271,500,26,8,8,4,0,0,,
10192,101921,101922,101923,101925,101924,101926,heroTemp,10192,10192,10192,0,6,0,5,3,5,192,,,500,,1934,660,590,339,500,26,8,8,4,0,0,,
10193,101931,101932,101933,101935,101934,101936,heroTemp,10193,10193,10193,0,6,0,5,4,7,193,,,1000,,2417,826,737,423,500,22,7,6,4,0,0,,
10194,101941,101942,101943,101945,101944,101946,heroTemp,10194,10194,10194,0,6,0,6,2,3,194,,,200,,1474,482,411,549,500,24,8,7,9,0,0,,
10195,101951,101952,101953,101955,101954,101956,heroTemp,10195,10195,10195,0,6,0,6,3,5,195,,,500,,1842,603,514,686,500,24,8,7,9,0,0,,
10196,101961,101962,101963,101965,101964,101966,heroTemp,10196,10196,10196,0,6,0,6,4,7,196,,,1000,,2303,754,643,857,500,21,7,6,8,0,0,,
10197,101971,101972,101973,101975,101974,101976,heroTemp,10197,10197,10197,0,6,0,2,2,3,197,,,200,,1646,546,387,382,500,27,9,6,6,0,0,,
10198,101981,101982,101983,101985,101984,101986,heroTemp,10198,10198,10198,0,6,0,2,3,5,198,,,500,,2057,683,484,477,500,27,9,6,6,0,0,,
10199,101991,101992,101993,101995,101994,101996,heroTemp,10199,10199,10199,0,6,0,2,4,7,199,,,1000,,2572,853,605,597,500,23,7,5,5,0,0,,
10200,102001,102002,102003,102005,102004,102006,heroTemp,10200,10200,10200,0,6,0,1,2,3,200,,,200,,1841,434,455,458,500,31,7,7,7,0,0,,
10201,102011,102012,102013,102015,102014,102016,heroTemp,10201,10201,10201,0,6,0,1,3,5,201,,,500,,2302,542,569,573,500,31,7,7,7,0,0,,
10202,102021,102022,102023,102025,102024,102026,heroTemp,10202,10202,10202,0,6,0,1,4,7,202,,,1000,,2877,678,712,716,500,26,6,6,6,0,0,,
10203,102031,102032,102033,102035,102034,102036,heroTemp,10203,10203,10203,0,6,0,3,2,3,203,,,200,,1486,458,486,546,500,25,7,8,9,0,0,,
10204,102041,102042,102043,102045,102044,102046,heroTemp,10204,10204,10204,0,6,0,3,3,5,204,,,500,,1857,572,607,683,500,25,7,8,9,0,0,,
10205,102051,102052,102053,102055,102054,102056,heroTemp,10205,10205,10205,0,6,0,3,4,7,205,,,1000,,2321,715,759,853,500,21,6,7,7,0,0,,
10206,102061,102062,102063,102065,102064,102066,heroTemp,10206,10206,10206,0,6,0,4,2,3,206,,,200,,1617,462,467,415,500,27,7,7,7,0,0,,
10207,102071,102072,102073,102075,102074,102076,heroTemp,10207,10207,10207,0,6,0,4,3,5,207,,,500,,2021,578,584,519,500,27,7,7,7,0,0,,
10208,102081,102082,102083,102085,102084,102086,heroTemp,10208,10208,10208,0,6,0,4,4,7,208,,,1000,,2526,723,730,648,500,23,6,6,6,0,0,,
10209,102091,102092,102093,102095,102094,102096,heroTemp,10209,10209,10209,0,6,0,5,2,3,209,,,200,,1344,462,452,506,500,22,7,7,8,0,0,,
10210,102101,102102,102103,102105,102104,102106,heroTemp,10210,10210,10210,0,6,0,5,3,5,210,,,500,,1680,578,565,633,500,22,7,7,8,0,0,,
10211,102111,102112,102113,102115,102114,102116,heroTemp,10211,10211,10211,0,6,0,5,4,7,211,,,1000,,2100,722,706,791,500,19,6,6,7,0,0,,
10212,102121,102122,102123,102125,102124,102126,heroTemp,10212,10212,10212,0,6,0,6,2,3,212,,,200,,1430,514,539,259,500,0,0,0,0,0,0,,
10213,102131,102132,102133,102135,102134,102136,heroTemp,10213,10213,10213,0,6,0,6,3,5,213,,,500,,1787,643,674,324,500,0,0,0,0,0,0,,
10214,102141,102142,102143,102145,102144,102146,heroTemp,10214,10214,10214,0,6,0,6,4,7,214,,,1000,,2234,804,842,404,500,0,0,0,0,0,0,,
10215,102151,102152,102153,102155,102154,102156,heroTemp,10215,10215,10215,0,6,0,2,3,4,215,45101,46100,500,,1633,503,375,418,500,27,8,6,7,0,1,,
10216,102161,102162,102163,102165,102164,102166,heroTemp,10216,10216,10216,0,6,0,2,4,7,216,45113,46100,1000,,2042,629,469,523,500,24,7,5,6,0,1,,
10217,102171,102172,102173,102175,102174,102176,heroTemp,10217,10217,10217,0,6,0,2,5,10,217,45113,46100,1500,,2552,787,587,654,500,20,6,5,5,0,1,,
10218,102181,102182,102183,102185,102184,102186,heroTemp,10218,10218,10218,0,6,0,1,3,3,218,45100,46307,500,,1921,423,458,560,500,32,7,7,9,0,2,,
10219,102191,102192,102193,102195,102194,102196,heroTemp,10219,10219,10219,0,6,0,1,4,5,219,45112,46307,1000,,2401,529,572,700,500,28,6,6,8,0,2,,
10220,102201,102202,102203,102205,102204,102206,heroTemp,10220,10220,10220,0,6,0,1,5,7,220,45112,46307,1500,,3002,661,715,875,500,24,5,5,7,0,2,,
10221,102211,102212,102213,102215,102214,102216,heroTemp,10221,10221,10221,0,6,0,3,3,3,221,45102,46305,500,,1578,527,530,552,500,26,8,8,9,0,1,,
10222,102221,102222,102223,102225,102224,102226,heroTemp,10222,10222,10222,0,6,0,3,4,5,222,45114,46305,1000,,1972,658,663,690,500,23,7,7,8,0,1,,
10223,102231,102232,102233,102235,102234,102236,heroTemp,10223,10223,10223,0,6,0,3,5,7,223,45114,46305,1500,,2466,823,829,863,500,20,6,6,7,0,1,,
10224,102241,102242,102243,102245,102244,102246,heroTemp,10224,10224,10224,0,6,0,4,3,4,224,45103,46001,500,,1534,472,575,428,500,25,8,9,7,0,1,,
10225,102251,102252,102253,102255,102254,102256,heroTemp,10225,10225,10225,0,6,0,4,4,7,225,45115,46001,1000,,1918,590,719,535,500,22,7,8,6,0,1,,
10226,102261,102262,102263,102265,102264,102266,heroTemp,10226,10226,10226,0,6,0,4,5,10,226,45115,46001,1500,,2397,737,898,669,500,19,6,7,5,0,1,,
10227,102271,102272,102273,102275,102274,102276,heroTemp,10227,10227,10227,0,6,0,5,3,3,227,45104,46100,500,,1905,490,559,311,500,32,8,9,5,0,2,,
10228,102281,102282,102283,102285,102284,102286,heroTemp,10228,10228,10228,0,6,0,5,4,5,228,45116,46100,1000,,2382,613,698,389,500,28,7,8,4,0,2,,
10229,102291,102292,102293,102295,102294,102296,heroTemp,10229,10229,10229,0,6,0,5,5,7,229,45116,46100,1500,,2977,766,873,486,500,24,6,7,4,0,2,,
10230,102301,102302,102303,102305,102304,102306,heroTemp,10230,10230,10230,0,6,0,6,3,3,230,,,500,,1773,584,502,665,500,24,7,6,9,0,2,,
10231,102311,102312,102313,102315,102314,102316,heroTemp,10231,10231,10231,0,6,0,6,4,5,231,,,1000,,2216,730,628,832,500,20,6,6,7,0,2,,
10232,102321,102322,102323,102325,102324,102326,heroTemp,10232,10232,10232,0,6,0,6,5,7,232,,,1500,,2770,912,785,1040,500,17,5,5,6,0,2,,
10233,102331,102332,102333,102335,102334,102336,heroTemp,10233,10233,10233,0,6,1,2,3,6,233,45200,46001,500,,2142,656,449,584,500,25,7,5,7,0,1,,
10234,102341,102342,102343,102345,102344,102346,heroTemp,10234,10234,10234,0,6,1,2,4,9,234,45201,46001,1000,,2678,820,562,730,500,21,6,4,6,0,1,,
10235,102351,102352,102353,102355,102354,102356,heroTemp,10235,10235,10235,0,6,1,2,5,12,235,45202,46001,1500,,3347,1024,702,912,500,17,5,4,5,0,1,,
10236,102361,102362,102363,102365,102364,102366,heroTemp,10236,10236,10236,0,6,1,1,3,6,236,45304,46413,500,,2359,494,503,687,500,27,6,6,8,0,1,,
10237,102371,102372,102373,102375,102374,102376,heroTemp,10237,10237,10237,0,6,1,1,4,9,237,45304,46413,1000,,2948,617,628,859,500,23,5,5,7,0,1,,
10238,102381,102382,102383,102385,102384,102386,heroTemp,10238,10238,10238,0,6,1,1,5,12,238,45304,46413,1500,,3685,772,786,1074,500,18,4,4,5,0,1,,
10239,102391,102392,102393,102395,102394,102396,heroTemp,10239,10239,10239,0,6,1,3,3,6,239,45304,46409,500,,2246,554,696,713,500,26,6,8,8,0,2,,
10240,102401,102402,102403,102405,102404,102406,heroTemp,10240,10240,10240,0,6,1,3,4,9,240,45304,46409,1000,,2808,693,870,891,500,22,5,7,7,0,2,,
10241,102411,102412,102413,102415,102414,102416,heroTemp,10241,10241,10241,0,6,1,3,5,12,241,45304,46409,1500,,3510,866,1088,1114,500,18,4,6,6,0,2,,
10242,102421,102422,102423,102425,102424,102426,heroTemp,10242,10242,10242,0,6,1,4,3,6,242,45200,46412,500,,1902,598,576,664,500,22,7,6,7,0,1,,
10243,102431,102432,102433,102435,102434,102436,heroTemp,10243,10243,10243,0,6,1,4,4,9,243,45200,46412,1000,,2377,748,721,830,500,19,6,6,6,0,1,,
10244,102441,102442,102443,102445,102444,102446,heroTemp,10244,10244,10244,0,6,1,4,5,12,244,45200,46412,1500,,2972,934,901,1038,500,15,5,5,5,0,1,,
10245,102451,102452,102453,102455,102454,102456,heroTemp,10245,10245,10245,0,6,1,5,3,6,245,45304,46403,500,,1890,631,377,637,500,20,7,5,7,0,1,,
10246,102461,102462,102463,102465,102464,102466,heroTemp,10246,10246,10246,0,6,1,5,4,9,246,45304,46403,1000,,2362,788,471,796,500,17,6,4,6,0,1,,
10247,102471,102472,102473,102475,102474,102476,heroTemp,10247,10247,10247,0,6,1,5,5,12,247,45304,46403,1500,,2953,986,589,995,500,14,5,3,5,0,1,,
10248,102481,102482,102483,102485,102484,102486,heroTemp,10248,10248,10248,0,6,1,6,3,6,248,45200,46404,500,,1708,569,426,688,500,20,6,5,8,0,1,,
10249,102491,102492,102493,102495,102494,102496,heroTemp,10249,10249,10249,0,6,1,6,4,9,249,45201,46404,1000,,2134,711,532,861,500,17,5,4,7,0,1,,
10250,102501,102502,102503,102505,102504,102506,heroTemp,10250,10250,10250,0,6,1,6,5,12,250,45202,46404,1500,,2668,889,665,1076,500,13,5,3,6,0,1,,
10251,102511,102512,102513,102515,102514,102516,heroTemp,10251,10251,10251,0,6,1,2,2,4,251,45200,46412,200,,1818,557,425,459,500,30,9,7,7,0,1,,
10252,102521,102522,102523,102525,102524,102526,heroTemp,10252,10252,10252,0,6,1,2,3,6,252,45201,46412,500,,2273,696,531,574,500,26,8,6,6,0,1,,
10253,102531,102532,102533,102535,102534,102536,heroTemp,10253,10253,10253,0,6,1,2,4,10,253,45202,46412,1000,,2841,870,664,717,500,23,7,5,6,0,1,,
10254,102541,102542,102543,102545,102544,102546,heroTemp,10254,10254,10254,0,6,1,1,2,4,254,45306,46407,200,,1872,415,465,575,500,31,7,7,9,0,2,,
10255,102551,102552,102553,102555,102554,102556,heroTemp,10255,10255,10255,0,6,1,1,3,6,255,45306,46407,500,,2340,518,581,718,500,27,6,7,8,0,2,,
10256,102561,102562,102563,102565,102564,102566,heroTemp,10256,10256,10256,0,6,1,1,4,10,256,45306,46407,1000,,2925,648,726,898,500,23,5,6,7,0,2,,
10257,102571,102572,102573,102575,102574,102576,heroTemp,10257,10257,10257,0,6,1,3,2,4,257,,,200,,1815,472,492,517,500,30,8,8,8,0,1,,
10258,102581,102582,102583,102585,102584,102586,heroTemp,10258,10258,10258,0,6,1,3,3,6,258,,,500,,2269,589,615,647,500,26,7,7,7,0,1,,
10259,102591,102592,102593,102595,102594,102596,heroTemp,10259,10259,10259,0,6,1,3,4,10,259,,,1000,,2836,737,769,808,500,23,6,6,6,0,1,,
10260,102601,102602,102603,102605,102604,102606,heroTemp,10260,10260,10260,0,6,1,4,2,4,260,,,200,,1611,502,514,505,500,27,8,8,8,0,1,,
10261,102611,102612,102613,102615,102614,102616,heroTemp,10261,10261,10261,0,6,1,4,3,6,261,,,500,,2014,628,643,631,500,23,7,7,7,0,1,,
10262,102621,102622,102623,102625,102624,102626,heroTemp,10262,10262,10262,0,6,1,4,4,10,262,,,1000,,2517,785,804,789,500,20,6,6,6,0,1,,
10263,102631,102632,102633,102635,102634,102636,heroTemp,10263,10263,10263,0,6,1,5,2,4,263,,46100,200,,1491,536,520,446,500,25,9,8,7,0,1,,
10264,102641,102642,102643,102645,102644,102646,heroTemp,10264,10264,10264,0,6,1,5,3,6,264,,46100,500,,1863,670,651,557,500,22,8,7,6,0,1,,
10265,102651,102652,102653,102655,102654,102656,heroTemp,10265,10265,10265,0,6,1,5,4,10,265,,46100,1000,,2468,838,735,697,500,19,6,6,5,0,1,,
10266,102661,102662,102663,102665,102664,102666,heroTemp,10266,10266,10266,0,6,1,6,2,4,266,45300,46409,200,,1470,495,490,510,500,24,8,8,8,0,1,,
10267,102671,102672,102673,102675,102674,102676,heroTemp,10267,10267,10267,0,6,1,6,3,6,267,45301,46409,500,,1837,619,612,638,500,21,7,7,7,0,1,,
10268,102681,102682,102683,102685,102684,102686,heroTemp,10268,10268,10268,0,6,1,6,4,10,268,45301,46409,1000,,2296,774,851,797,500,18,6,6,6,0,1,,
10269,102691,102692,102693,102695,102694,102696,heroTemp,10269,10269,10269,0,6,2,5,0,0,269,,,0,,0,0,0,0,0,0,0,0,0,0,2,,
10270,102701,102702,102703,102705,102704,102706,heroTemp,10270,10270,10270,0,6,2,5,0,0,270,,,0,,0,0,0,0,0,0,0,0,0,0,2,,
10271,102711,102712,102713,102715,102714,102716,heroTemp,10271,10271,10271,0,6,2,5,0,0,271,,,0,,0,0,0,0,0,0,0,0,0,0,2,,
10272,102721,102722,102723,102725,102724,102726,heroTemp,10272,10272,10272,0,6,2,6,4,10,272,45400,46100,1000,,2934,937,887,928,500,23,7,7,7,0,1,,
10273,102731,102732,102733,102735,102734,102736,heroTemp,10273,10273,10273,0,6,2,6,5,15,273,45400,46100,1500,,3668,1172,1109,1159,500,18,6,6,6,0,1,,
10274,102741,102742,102743,102745,102744,102746,heroTemp,10274,10274,10274,0,6,2,6,6,27,274,45400,46100,2000,,4585,1464,1387,1449,500,16,5,5,5,0,1,,
10275,102751,102752,102753,102755,102754,102756,heroTemp,10275,10275,10275,0,6,2,2,4,12,275,45600,46100,1000,,3127,985,778,795,500,25,8,6,6,0,2,,
10276,102761,102762,102763,102765,102764,102766,heroTemp,10276,10276,10276,0,6,2,2,5,20,276,45600,46100,1500,,3908,1231,972,994,500,20,6,5,5,0,2,,
10277,102771,102772,102773,102775,102774,102776,heroTemp,10277,10277,10277,0,6,2,2,6,30,277,45600,46100,2000,,4885,1539,1215,1242,500,17,5,4,4,0,2,,
10278,102781,102782,102783,102785,102784,102786,heroTemp,10278,10278,10278,0,6,2,1,4,10,278,45601,46100,1000,,3207,883,886,1066,500,26,7,7,8,0,1,,
10279,102791,102792,102793,102795,102794,102796,heroTemp,10279,10279,10279,0,6,2,1,5,15,279,45601,46100,1500,,4008,1103,1107,1332,500,20,6,6,7,0,1,,
10280,102801,102802,102803,102805,102804,102806,heroTemp,10280,10280,10280,0,6,2,1,6,27,280,45601,46100,2000,,5010,1379,1384,1666,500,17,5,5,5,0,1,,
10281,102811,102812,102813,102815,102814,102816,heroTemp,10281,10281,10281,0,6,2,3,4,10,281,45602,46100,1000,,3100,912,849,910,500,25,7,7,7,0,2,,
10282,102821,102822,102823,102825,102824,102826,heroTemp,10282,10282,10282,0,6,2,3,5,15,282,45602,46100,1500,,3875,1140,1062,1138,500,19,6,5,6,0,2,1.2,
10283,102831,102832,102833,102835,102834,102836,heroTemp,10283,10283,10283,0,6,2,3,6,27,283,45602,46100,2000,,4844,1425,1327,1422,500,16,5,4,5,0,2,,
10284,102841,102842,102843,102845,102844,102846,heroTemp,10284,10284,10284,0,6,2,4,4,10,284,45203,46100,1000,,3099,1036,930,822,500,25,8,7,6,0,2,,
10285,102851,102852,102853,102855,102854,102856,heroTemp,10285,10285,10285,0,6,2,4,5,15,285,45204,46100,1500,,3873,1295,1163,1027,500,19,7,6,5,0,2,,
10286,102861,102862,102863,102865,102864,102866,heroTemp,10286,10286,10286,0,6,2,4,6,27,286,45205,46100,2000,,4842,1618,1454,1284,500,16,5,5,4,0,2,,
10287,102871,102872,102873,102875,102874,102876,heroTemp,10287,10287,10287,0,6,1,2,3,5,287,45035,46401,500,,2029,648,545,575,500,24,7,6,6,0,1,,
10288,102881,102882,102883,102885,102884,102886,heroTemp,10288,10288,10288,0,6,1,2,4,8,288,45036,46401,1000,,2536,810,682,718,500,20,6,5,6,0,1,,
10289,102891,102892,102893,102895,102894,102896,heroTemp,10289,10289,10289,0,6,1,2,5,12,289,45037,46401,1500,,3170,1013,852,898,500,16,5,4,5,0,1,,
10290,102901,102902,102903,102905,102904,102906,heroTemp,10290,10290,10290,0,6,1,1,3,5,290,45035,46406,500,,2048,520,597,723,500,24,6,7,8,0,1,,
10291,102911,102912,102913,102915,102914,102916,heroTemp,10291,10291,10291,0,6,1,1,4,8,291,45036,46406,1000,,2560,650,746,904,500,20,5,6,7,0,1,,
10292,102921,102922,102923,102925,102924,102926,heroTemp,10292,10292,10292,0,6,1,1,5,12,292,45037,46406,1500,,3200,813,932,1130,500,16,4,5,6,0,1,,
10293,102931,102932,102933,102935,102934,102936,heroTemp,10293,10293,10293,0,6,1,3,3,5,293,,,500,,2135,589,610,728,500,25,7,7,8,0,1,,
10294,102941,102942,102943,102945,102944,102946,heroTemp,10294,10294,10294,0,6,1,3,4,8,294,,,1000,,2669,736,763,910,500,21,6,6,7,0,1,,
10295,102951,102952,102953,102955,102954,102956,heroTemp,10295,10295,10295,0,6,1,3,5,12,295,,,1500,,3337,920,954,1137,500,17,5,5,6,0,1,,
10296,102961,102962,102963,102965,102964,102966,heroTemp,10296,10296,10296,0,6,1,4,3,5,296,,,500,,2151,561,592,611,500,25,6,7,7,0,1,,
10297,102971,102972,102973,102975,102974,102976,heroTemp,10297,10297,10297,0,6,1,4,4,8,297,,,1000,,2689,701,740,764,500,21,5,6,6,0,1,,
10298,102981,102982,102983,102985,102984,102986,heroTemp,10298,10298,10298,0,6,1,4,5,12,298,,,1500,,3361,876,925,955,500,17,4,5,5,0,1,,
10299,102991,102992,102993,102995,102994,102996,heroTemp,10299,10299,10299,0,6,1,5,3,5,299,45035,,500,,1995,656,597,328,500,23,7,7,4,0,1,,
10300,103001,103002,103003,103005,103004,103006,heroTemp,10300,10300,10300,0,6,1,5,4,8,300,45036,,1000,,2493,820,747,409,500,20,6,6,3,0,1,,
10301,103011,103012,103013,103015,103014,103016,heroTemp,10301,10301,10301,0,6,1,5,5,12,301,45037,,1500,,3117,1025,933,512,500,16,5,5,3,0,1,,
10302,103021,103022,103023,103025,103024,103026,heroTemp,10302,10302,10302,0,6,1,6,3,5,302,,,500,,1857,641,479,578,500,22,7,5,6,0,2,,
10303,103031,103032,103033,103035,103034,103036,heroTemp,10303,10303,10303,0,6,1,6,4,8,303,,,1000,,2321,802,599,722,500,18,6,5,6,0,2,,
10304,103041,103042,103043,103045,103044,103046,heroTemp,10304,10304,10304,0,6,1,6,5,12,304,,,1500,,2902,1002,749,903,500,15,5,4,5,0,2,,
10305,103051,103052,103053,103055,103054,103056,heroTemp,10305,10305,10305,0,6,2,2,3,6,305,45200,46100,500,,2565,682,573,540,500,30,8,6,6,0,1,,
10306,103061,103062,103063,103065,103064,103066,heroTemp,10306,10306,10306,0,6,2,2,4,9,306,45201,46100,1000,,3206,853,716,675,500,26,7,6,5,0,1,,
10307,103071,103072,103073,103075,103074,103076,heroTemp,10307,10307,10307,0,6,2,2,5,13,307,45202,46100,1500,,4008,1066,896,844,500,20,5,5,4,0,1,,
10308,103081,103082,103083,103085,103084,103086,heroTemp,10308,10308,10308,0,6,2,1,3,6,308,45700,46100,500,,2421,541,754,737,500,28,6,8,8,0,2,,
10309,103091,103092,103093,103095,103094,103096,heroTemp,10309,10309,10309,0,6,2,1,4,9,309,45700,46100,1000,,3026,676,942,922,500,24,5,7,7,0,2,,
10310,103101,103102,103103,103105,103104,103106,heroTemp,10310,10310,10310,0,6,2,1,5,13,310,45701,46100,1500,,3783,845,1177,1152,500,19,4,6,6,0,2,,
10311,103111,103112,103113,103115,103114,103116,heroTemp,10311,10311,10311,0,6,2,3,3,6,311,45702,46203,500,,2325,519,831,897,500,25,6,10,10,0,1,,
10312,103121,103122,103123,103125,103124,103126,heroTemp,10312,10312,10312,0,6,2,3,4,9,312,45702,46203,1000,,2907,648,1039,1121,500,21,5,9,9,0,1,,
10313,103131,103132,103133,103135,103134,103136,heroTemp,10313,10313,10313,0,6,2,3,5,13,313,45702,46203,1500,,3633,810,1298,1402,500,17,4,7,7,0,1,,
10314,103141,103142,103143,103145,103144,103146,heroTemp,10314,10314,10314,0,6,2,4,3,6,314,45702,46308,500,,2123,716,616,630,500,25,8,7,7,0,2,,
10315,103151,103152,103153,103155,103154,103156,heroTemp,10315,10315,10315,0,6,2,4,4,9,315,45702,46308,1000,,2654,895,770,787,500,21,7,6,6,0,2,,
10316,103161,103162,103163,103165,103164,103166,heroTemp,10316,10316,10316,0,6,2,4,5,13,316,45702,46308,1500,,3317,1118,963,984,500,17,6,5,5,0,2,,
10317,103171,103172,103173,103175,103174,103176,heroTemp,10317,10317,10317,0,6,2,5,3,6,317,,,500,,2290,795,649,357,500,27,9,7,4,0,1,,
10318,103181,103182,103183,103185,103184,103186,heroTemp,10318,10318,10318,0,6,2,5,4,9,318,,,1000,,2862,993,811,447,500,23,8,6,3,0,1,,
10319,103191,103192,103193,103195,103194,103196,heroTemp,10319,10319,10319,0,6,2,5,5,13,319,,,1500,,3578,1242,1014,750,500,18,6,5,3,0,1,,
10320,103201,103202,103203,103205,103204,103206,heroTemp,10320,10320,10320,0,6,2,6,3,6,320,,,500,,1743,789,540,658,500,20,9,6,7,0,1,,
10321,103211,103212,103213,103215,103214,103216,heroTemp,10321,10321,10321,0,6,2,6,4,9,321,,,1000,,2179,986,676,823,500,17,8,5,6,0,1,,
10322,103221,103222,103223,103225,103224,103226,heroTemp,10322,10322,10322,0,6,2,6,5,13,322,,,1500,,2724,1232,844,1028,500,14,6,4,5,0,1,,
10323,103231,103232,103233,103235,103234,103236,heroTemp,10323,10323,10323,0,6,2,2,3,6,323,45012,46408,500,,2275,722,554,514,500,26,8,6,6,0,1,,
10324,103241,103242,103243,103245,103244,103246,heroTemp,10324,10324,10324,0,6,2,2,4,9,324,45014,46408,1000,,2844,903,693,643,500,23,7,5,5,0,1,,
10325,103251,103252,103253,103255,103254,103256,heroTemp,10325,10325,10325,0,6,2,2,5,13,325,45014,46408,1500,,3555,1129,866,804,500,18,6,4,4,0,1,,
10326,103261,103262,103263,103265,103264,103266,heroTemp,10326,10326,10326,0,6,2,1,3,6,326,45007,46100,500,,2021,671,668,610,500,23,8,7,7,0,1,,
10327,103271,103272,103273,103275,103274,103276,heroTemp,10327,10327,10327,0,6,2,1,4,9,327,45009,46100,1000,,2526,839,835,762,500,20,6,6,6,0,1,,
10328,103281,103282,103283,103285,103284,103286,heroTemp,10328,10328,10328,0,6,2,1,5,13,328,45009,46100,1500,,3157,1048,1043,953,500,16,5,5,5,0,1,,
10329,103291,103292,103293,103295,103294,103296,heroTemp,10329,10329,10329,0,6,2,3,3,7,329,45017,46402,500,,2255,630,780,845,500,24,7,10,9,0,2,,
10330,103301,103302,103303,103305,103304,103306,heroTemp,10330,10330,10330,0,6,2,3,4,10,330,45019,46402,1000,,2819,787,975,1056,500,21,6,8,8,0,2,,
10331,103311,103312,103313,103315,103314,103316,heroTemp,10331,10331,10331,0,6,2,3,5,15,331,45019,46402,1500,,3524,984,1218,1320,500,16,5,7,7,0,2,,
10332,103321,103322,103323,103325,103324,103326,heroTemp,10332,10332,10332,0,6,2,4,3,6,332,45022,46405,500,,2025,801,514,550,500,24,9,6,6,0,2,,
10333,103331,103332,103333,103335,103334,103336,heroTemp,10333,10333,10333,0,6,2,4,4,9,333,45022,46405,1000,,2531,1001,642,687,500,20,8,5,5,0,2,,
10334,103341,103342,103343,103345,103344,103346,heroTemp,10334,10334,10334,0,6,2,4,5,13,334,45024,46405,1500,,3163,1251,803,859,500,16,6,4,4,0,2,,
10335,103351,103352,103353,103355,103354,103356,heroTemp,10335,10335,10335,0,6,2,5,3,6,335,45027,46403,500,,2096,750,529,588,500,24,8,6,7,0,2,,
10336,103361,103362,103363,103365,103364,103366,heroTemp,10336,10336,10336,0,6,2,5,4,9,336,45027,46403,1000,,2620,937,661,736,500,21,7,5,6,0,2,,
10337,103371,103372,103373,103375,103374,103376,heroTemp,10337,10337,10337,0,6,2,5,5,13,337,45029,46403,1500,,3275,1171,827,919,500,16,6,4,5,0,2,,
10338,103381,103382,103383,103385,103384,103386,heroTemp,10338,10338,10338,0,6,2,6,3,6,338,45032,46411,500,,2029,802,355,696,500,22,9,4,8,0,1,,
10339,103391,103392,103393,103395,103394,103396,heroTemp,10339,10339,10339,0,6,2,6,4,9,339,45034,46411,1000,,2536,1002,444,869,500,19,8,3,7,0,1,,
10340,103401,103402,103403,103405,103404,103406,heroTemp,10340,10340,10340,0,6,2,6,5,13,340,45034,46411,1500,,3170,1253,555,1087,500,15,6,3,6,0,1,,
10341,103411,103412,103413,103415,103414,103416,heroTemp,10341,10341,10341,0,6,2,2,3,6,341,45500,46204,500,,2319,702,595,666,500,25,8,7,7,0,2,,
10342,103421,103422,103423,103425,103424,103426,heroTemp,10342,10342,10342,0,6,2,2,4,9,342,45500,46204,1000,,2898,877,744,832,500,21,7,6,6,0,2,,
10343,103431,103432,103433,103435,103434,103436,heroTemp,10343,10343,10343,0,6,2,2,5,13,343,45500,46204,1500,,3623,1096,930,1040,500,17,6,5,5,0,2,,
10344,103441,103442,103443,103445,103444,103446,heroTemp,10344,10344,10344,0,6,2,1,3,6,344,45702,46205,500,,2512,562,703,762,500,27,6,9,9,0,2,,
10345,103451,103452,103453,103455,103454,103456,heroTemp,10345,10345,10345,0,6,2,1,4,9,345,45702,46205,1000,,3140,702,879,953,500,23,5,7,7,0,2,,
10346,103461,103462,103463,103465,103464,103466,heroTemp,10346,10346,10346,0,6,2,1,5,13,346,45702,46205,1500,,3925,878,1099,1191,500,18,4,6,6,0,2,,
10347,103471,103472,103473,103475,103474,103476,heroTemp,10347,10347,10347,0,6,2,3,3,6,347,,,500,,1942,695,632,691,500,23,8,7,8,0,2,,
10348,103481,103482,103483,103485,103484,103486,heroTemp,10348,10348,10348,0,6,2,3,4,9,348,,,1000,,2428,869,790,863,500,19,7,6,7,0,2,,
10349,103491,103492,103493,103495,103494,103496,heroTemp,10349,10349,10349,0,6,2,3,5,13,349,,,1500,,3035,1086,988,1079,500,15,6,5,6,0,2,,
10350,103501,103502,103503,103505,103504,103506,heroTemp,10350,10350,10350,0,6,2,4,3,6,350,45500,46206,500,,2128,616,626,710,500,25,7,7,8,0,2,,
10351,103511,103512,103513,103515,103514,103516,heroTemp,10351,10351,10351,0,6,2,4,4,9,351,45501,46206,1000,,2659,770,783,888,500,21,6,6,7,0,2,,
10352,103521,103522,103523,103525,103524,103526,heroTemp,10352,10352,10352,0,6,2,4,5,13,352,45501,46206,1500,,3324,963,978,1110,500,17,5,5,6,0,2,,
10353,103531,103532,103533,103535,103534,103536,heroTemp,10353,10353,10353,0,6,2,5,3,6,353,,,500,,2139,674,621,494,500,25,8,7,6,0,2,,
10354,103541,103542,103543,103545,103544,103546,heroTemp,10354,10354,10354,0,6,2,5,4,9,354,,,1000,,2674,842,776,618,500,21,6,6,5,0,2,,
10355,103551,103552,103553,103555,103554,103556,heroTemp,10355,10355,10355,0,6,2,5,5,13,355,,,1500,,3342,1053,970,772,500,17,5,5,4,0,2,,
10356,103561,103562,103563,103565,103564,103566,heroTemp,10356,10356,10356,0,6,2,6,3,6,356,,,500,,1887,747,509,692,500,22,8,6,8,0,2,,
10357,103571,103572,103573,103575,103574,103576,heroTemp,10357,10357,10357,0,6,2,6,4,9,357,,,1000,,2359,934,636,865,500,19,7,5,7,0,2,,
10358,103581,103582,103583,103585,103584,103586,heroTemp,10358,10358,10358,0,6,2,6,5,13,358,,,1500,,2948,1167,795,1082,500,15,6,4,6,0,2,,
10359,103591,103592,103593,103595,103594,103596,heroTemp,10359,10359,10359,0,6,2,2,3,6,359,45012,46405,500,,2296,841,574,530,500,27,9,6,6,0,2,,
10360,103601,103602,103603,103605,103604,103606,heroTemp,10360,10360,10360,0,6,2,2,4,9,360,45014,46405,1000,,2871,1052,717,663,500,23,8,6,5,0,2,,
10361,103611,103612,103613,103615,103614,103616,heroTemp,10361,10361,10361,0,6,2,2,5,13,361,45014,46405,1500,,3588,1315,896,829,500,18,7,5,4,0,2,,
10362,103621,103622,103623,103625,103624,103626,heroTemp,10362,10362,10362,0,6,2,1,3,6,362,45007,46100,500,,2255,623,705,682,500,26,7,8,8,0,2,,
10363,103631,103632,103633,103635,103634,103636,heroTemp,10363,10363,10363,0,6,2,1,4,9,363,45009,46100,1000,,2819,779,881,853,500,22,6,7,7,0,2,,
10364,103641,103642,103643,103645,103644,103646,heroTemp,10364,10364,10364,0,6,2,1,5,13,364,45009,46100,1500,,3523,973,1102,1066,500,18,5,6,5,0,2,,
10365,103651,103652,103653,103655,103654,103656,heroTemp,10365,10365,10365,0,6,2,3,3,6,365,45017,46401,500,,2425,587,731,716,500,28,7,8,8,0,2,,
10366,103661,103662,103663,103665,103664,103666,heroTemp,10366,10366,10366,0,6,2,3,4,9,366,45019,46401,1000,,3031,733,914,894,500,24,6,7,7,0,2,,
10367,103671,103672,103673,103675,103674,103676,heroTemp,10367,10367,10367,0,6,2,3,5,13,367,45019,46401,1500,,3789,917,1142,1118,500,19,5,6,6,0,2,,
10368,103681,103682,103683,103685,103684,103686,heroTemp,10368,10368,10368,0,6,2,4,3,6,368,45022,46100,500,,2358,689,631,686,500,27,8,7,8,0,2,,
10369,103691,103692,103693,103695,103694,103696,heroTemp,10369,10369,10369,0,6,2,4,4,9,369,45022,46100,1000,,2947,861,789,858,500,23,7,6,7,0,2,,
10370,103701,103702,103703,103705,103704,103706,heroTemp,10370,10370,10370,0,6,2,4,5,13,370,45024,46100,1500,,3684,1077,986,1072,500,18,6,5,5,0,2,,
10371,103711,103712,103713,103715,103714,103716,heroTemp,10371,10371,10371,0,6,2,2,3,7,371,45035,46100,500,,2479,850,633,674,500,29,10,7,8,0,2,,
10372,103721,103722,103723,103725,103724,103726,heroTemp,10372,10372,10372,0,6,2,2,4,10,372,45036,46100,1000,,3099,1062,792,843,500,25,8,6,6,0,2,,
10373,103731,103732,103733,103735,103734,103736,heroTemp,10373,10373,10373,0,6,2,2,5,15,373,45037,46100,1500,,3874,1328,990,1053,500,19,7,5,5,0,2,,
10374,103741,103742,103743,103745,103744,103746,heroTemp,10374,10374,10374,0,6,2,1,3,7,374,,,500,,2491,718,665,858,500,29,8,7,10,0,1,,
10375,103751,103752,103753,103755,103754,103756,heroTemp,10375,10375,10375,0,6,2,1,4,10,375,,,1000,,3114,897,832,1073,500,25,7,6,8,0,1,,
10376,103761,103762,103763,103765,103764,103766,heroTemp,10376,10376,10376,0,6,2,1,5,15,376,,,1500,,3892,1121,1040,1341,500,19,6,5,7,0,1,,
10377,103771,103772,103773,103775,103774,103776,heroTemp,10377,10377,10377,0,6,2,3,3,6,377,45605,46100,500,,2463,597,775,814,490,26,7,9,9,0,2,,
10378,103781,103782,103783,103785,103784,103786,heroTemp,10378,10378,10378,0,6,2,3,4,9,378,45605,46100,1000,,3079,746,969,1018,490,23,6,8,8,0,2,,
10379,103791,103792,103793,103795,103794,103796,heroTemp,10379,10379,10379,0,6,2,3,5,13,379,45605,46100,1500,,3849,933,1211,1272,490,18,5,7,7,0,2,,
10380,103801,103802,103803,103805,103804,103806,heroTemp,10380,10380,10380,0,6,2,4,3,6,380,45300,46412,500,,2093,634,608,669,490,24,7,7,7,0,2,,
10381,103811,103812,103813,103815,103814,103816,heroTemp,10381,10381,10381,0,6,2,4,4,9,381,45301,46412,1000,,2617,792,760,836,490,21,6,6,6,0,2,,
10382,103821,103822,103823,103825,103824,103826,heroTemp,10382,10382,10382,0,6,2,4,5,13,382,45302,46412,1500,,3271,991,950,1045,490,16,5,5,5,0,2,,
10383,103831,103832,103833,103835,103834,103836,heroTemp,10383,10383,10383,0,6,2,5,3,7,383,45027,46410,500,,2219,839,821,543,500,26,9,9,6,0,2,,
10384,103841,103842,103843,103845,103844,103846,heroTemp,10384,10384,10384,0,6,2,5,4,10,384,45027,46410,1000,,2774,1049,1026,678,500,22,8,8,5,0,2,,
10385,103851,103852,103853,103855,103854,103856,heroTemp,10385,10385,10385,0,6,2,5,5,15,385,45029,46410,1500,,3468,1311,1283,848,500,17,7,7,4,0,2,,
10386,103861,103862,103863,103865,103864,103866,heroTemp,10386,10386,10386,0,6,2,6,3,7,386,45032,46411,500,,2248,809,793,639,500,26,9,9,7,0,2,,
10387,103871,103872,103873,103875,103874,103876,heroTemp,10387,10387,10387,0,6,2,6,4,10,387,45034,46411,1000,,2810,1011,992,799,500,22,8,8,6,0,2,,
10388,103881,103882,103883,103885,103884,103886,heroTemp,10388,10388,10388,0,6,2,6,5,15,388,45034,46411,1500,,3512,1263,1240,998,500,18,6,6,5,0,2,,
10389,103891,103892,103893,103895,103894,103896,heroTemp,10389,10389,10389,0,6,2,5,3,6,389,,,500,,1908,762,633,745,500,22,9,7,8,0,2,,
10390,103901,103902,103903,103905,103904,103906,heroTemp,10390,10390,10390,0,6,2,5,4,9,390,,,1000,,2384,952,792,931,500,19,7,6,7,0,2,,
10391,103911,103912,103913,103915,103914,103916,heroTemp,10391,10391,10391,0,6,2,5,5,13,391,,,1500,,2981,1190,990,1164,500,15,6,5,6,0,2,,
10392,103921,103922,103923,103925,103924,103926,heroTemp,10392,10392,10392,0,6,2,2,3,6,392,,,500,,2224,702,566,578,500,26,8,6,6,0,2,,
10393,103931,103932,103933,103935,103934,103936,heroTemp,10393,10393,10393,0,6,2,2,4,9,393,,,1000,,2780,878,707,723,500,22,7,5,6,0,2,,
10394,103941,103942,103943,103945,103944,103946,heroTemp,10394,10394,10394,0,6,2,2,5,13,394,,,1500,,3475,1097,884,904,500,17,6,5,5,0,2,,
10395,103951,103952,103953,103955,103954,103956,heroTemp,10395,10395,10395,0,6,2,2,3,7,395,45002,46309,500,,2502,759,535,566,500,29,9,6,6,0,1,,
10396,103961,103962,103963,103965,103964,103966,heroTemp,10396,10396,10396,0,6,2,2,4,10,396,45002,46309,1000,,3127,949,669,707,500,25,7,5,5,0,1,,
10397,103971,103972,103973,103975,103974,103976,heroTemp,10397,10397,10397,0,6,2,2,5,15,397,45004,46309,1500,,3909,1186,837,884,500,20,6,4,5,0,1,,
10398,103981,103982,103983,103985,103984,103986,heroTemp,10398,10398,10398,0,6,2,1,3,7,398,45002,46253,500,,2419,593,666,823,500,26,7,8,9,0,2,,
10399,103991,103992,103993,103995,103994,103996,heroTemp,10399,10399,10399,0,6,2,1,4,10,399,45002,46253,1000,,3024,741,833,1029,500,22,6,7,8,0,2,,
10400,104001,104002,104003,104005,104004,104006,heroTemp,10400,10400,10400,0,6,2,1,5,15,400,45004,46253,1500,,3780,926,1041,1286,500,18,5,6,7,0,2,,
10401,104011,104012,104013,104015,104014,104016,heroTemp,10401,10401,10401,0,6,2,3,3,7,401,45002,46310,500,,2268,596,760,717,500,26,7,9,8,0,1,,
10402,104021,104022,104023,104025,104024,104026,heroTemp,10402,10402,10402,0,6,2,3,4,10,402,45002,46310,1000,,2835,745,950,897,500,23,6,7,7,0,1,,
10403,104031,104032,104033,104035,104034,104036,heroTemp,10403,10403,10403,0,6,2,3,5,15,403,45004,46310,1500,,3544,931,1188,1121,500,18,5,6,6,0,1,,
10404,104041,104042,104043,104045,104044,104046,heroTemp,10404,10404,10404,0,6,2,4,3,7,404,45002,46311,500,,2063,713,685,703,500,24,8,8,8,0,2,,
10405,104051,104052,104053,104055,104054,104056,heroTemp,10405,10405,10405,0,6,2,4,4,10,405,45002,46311,1000,,2578,892,857,878,500,21,7,7,7,0,2,,
10406,104061,104062,104063,104065,104064,104066,heroTemp,10406,10406,10406,0,6,2,4,5,15,406,45004,46311,1500,,3223,1115,1071,1098,500,16,6,5,6,0,2,,
10407,104071,104072,104073,104075,104074,104076,heroTemp,10407,10407,10407,0,6,2,5,4,7,407,,46312,1000,,2899,922,899,657,500,23,7,7,5,0,2,,
10408,104081,104082,104083,104085,104084,104086,heroTemp,10408,10408,10408,0,6,2,5,5,10,408,,46312,1500,,3623,1153,1123,821,500,18,6,6,4,0,2,,
10409,104091,104092,104093,104095,104094,104096,heroTemp,10409,10409,10409,0,6,2,5,6,15,409,,46312,2000,,4529,1441,1404,1027,500,15,5,5,3,0,2,,
10410,104101,104102,104103,104105,104104,104106,heroTemp,10410,10410,10410,0,6,2,6,4,7,410,,46313,1000,,2678,864,735,930,500,21,7,6,7,0,2,,
10411,104111,104112,104113,104115,104114,104116,heroTemp,10411,10411,10411,0,6,2,6,5,10,411,,46313,1500,,3348,1080,919,1162,500,17,6,5,6,0,2,,
10412,104121,104122,104123,104125,104124,104126,heroTemp,10412,10412,10412,0,6,2,6,6,15,412,,46313,2000,,4185,1351,1149,1453,500,14,4,4,5,0,2,,
10413,104131,104132,104133,104135,104134,104136,heroTemp,10413,10413,10413,0,6,2,2,4,7,413,,,1000,,2893,957,663,759,500,23,7,5,6,0,2,,
10414,104141,104142,104143,104145,104144,104146,heroTemp,10414,10414,10414,0,6,2,2,5,10,414,,,1500,,3616,1197,828,949,500,18,6,4,5,0,2,,
10415,104151,104152,104153,104155,104154,104156,heroTemp,10415,10415,10415,0,6,2,2,6,15,415,,,2000,,4520,1496,1035,1187,500,15,5,3,4,0,2,,
10416,104161,104162,104163,104165,104164,104166,heroTemp,10416,10416,10416,0,6,2,1,4,7,416,,,1000,,3100,792,882,903,500,25,6,7,7,0,2,,
10417,104171,104172,104173,104175,104174,104176,heroTemp,10417,10417,10417,0,6,2,1,5,10,417,,,1500,,3875,990,1103,1128,500,19,5,6,6,0,2,,
10418,104181,104182,104183,104185,104184,104186,heroTemp,10418,10418,10418,0,6,2,1,6,15,418,,,2000,,4843,1237,1378,1410,500,16,4,5,5,0,2,,
10419,104191,104192,104193,104195,104194,104196,heroTemp,10419,10419,10419,0,6,2,3,4,7,419,,,1000,,2444,889,768,918,500,19,7,6,7,0,2,,
10420,104201,104202,104203,104205,104204,104206,heroTemp,10420,10420,10420,0,6,2,3,5,10,420,,,1500,,3055,1111,960,1147,500,15,6,5,6,0,2,,
10421,104211,104212,104213,104215,104214,104216,heroTemp,10421,10421,10421,0,6,2,3,6,15,421,,,2000,,3819,1388,1200,1434,500,13,5,4,5,0,2,,
10422,104221,104222,104223,104225,104224,104226,heroTemp,10422,10422,10422,0,6,2,4,4,7,422,,,1000,,2823,763,1025,1151,500,21,6,9,9,0,2,,
10423,104231,104232,104233,104235,104234,104236,heroTemp,10423,10423,10423,0,6,2,4,5,10,423,,,1500,,3528,953,1281,1439,500,16,5,7,7,0,2,,
10424,104241,104242,104243,104245,104244,104246,heroTemp,10424,10424,10424,0,6,2,4,6,15,424,,,2000,,4410,1192,1601,1799,500,14,4,6,6,0,2,,
10425,104251,104252,104253,104255,104254,104256,heroTemp,10425,10425,10425,0,6,2,5,3,7,425,45002,46001,500,,3037,894,854,825,500,24,7,7,6,0,2,,
10426,104261,104262,104263,104265,104264,104266,heroTemp,10426,10426,10426,0,6,2,5,4,10,426,45002,46001,1000,,3796,1118,1068,1031,500,19,6,5,5,0,2,,
10427,104271,104272,104273,104275,104274,104276,heroTemp,10427,10427,10427,0,6,2,5,5,15,427,45004,46001,1500,,4746,1397,1335,1289,500,16,5,4,4,0,2,,
10428,104281,104282,104283,104285,104284,104286,heroTemp,10428,10428,10428,0,6,2,6,3,7,428,45002,46415,500,,2575,857,721,1011,500,21,7,6,8,0,2,,
10429,104291,104292,104293,104295,104294,104296,heroTemp,10429,10429,10429,0,6,2,6,4,10,429,45002,46415,1000,,3219,1072,901,1264,500,16,5,5,6,0,2,,
10430,104301,104302,104303,104305,104304,104306,heroTemp,10430,10430,10430,0,6,2,6,5,15,430,45004,46415,1500,,4023,1339,1127,1580,500,14,4,4,5,0,2,,
10431,104311,104312,104313,104315,104314,104316,heroTemp,10431,10431,10431,0,6,0,1,1,1,431,,,100,,1293,386,288,287,501,61,18,13,13,0,1,,
10432,104321,104322,104323,104325,104324,104326,heroTemp,10432,10432,10432,0,6,0,1,2,2,432,,,200,,1616,482,360,358,502,27,8,6,6,0,1,,
10433,104331,104332,104333,104335,104334,104336,heroTemp,10433,10433,10433,0,6,0,1,3,4,433,,,500,,2021,603,450,448,503,27,8,6,6,0,1,,
10434,104341,104342,104343,104345,104344,104346,heroTemp,10434,10434,10434,0,6,0,2,1,1,434,,,100,,1361,320,336,369,504,65,15,15,17,0,1,,
10435,104351,104352,104353,104355,104354,104356,heroTemp,10435,10435,10435,0,6,0,2,2,2,435,,,200,,1701,400,419,461,505,28,6,7,7,0,1,,
10436,104361,104362,104363,104365,104364,104366,heroTemp,10436,10436,10436,0,6,0,2,3,4,436,,,500,,2126,501,524,577,506,28,6,7,7,0,1,,
10437,104371,104372,104373,104375,104374,104376,heroTemp,10437,10437,10437,0,6,0,3,1,1,437,,,100,,1243,312,401,394,507,59,14,18,18,0,1,,
10438,104381,104382,104383,104385,104384,104386,heroTemp,10438,10438,10438,0,6,0,3,2,2,438,,,200,,1554,390,501,493,508,26,6,8,8,0,1,,
10439,104391,104392,104393,104395,104394,104396,heroTemp,10439,10439,10439,0,6,0,3,3,4,439,,,500,,1942,488,626,616,509,26,6,8,8,0,1,,
10440,104401,104402,104403,104405,104404,104406,heroTemp,10440,10440,10440,0,6,0,4,1,1,440,,,100,,1160,372,358,327,510,55,17,16,15,0,2,,
10441,104411,104412,104413,104415,104414,104416,heroTemp,10441,10441,10441,0,6,0,4,2,2,441,,,200,,1449,466,448,408,511,24,7,7,7,0,2,,
10442,104421,104422,104423,104425,104424,104426,heroTemp,10442,10442,10442,0,6,0,4,3,4,442,,,500,,1812,582,560,511,512,24,7,7,7,0,2,,
10443,104431,104432,104433,104435,104434,104436,heroTemp,10443,10443,10443,0,6,0,5,1,1,443,,,100,,1273,387,366,191,513,60,18,17,9,0,1,,
10444,104441,104442,104443,104445,104444,104446,heroTemp,10444,10444,10444,0,6,0,5,2,2,444,,,200,,1592,483,457,239,514,26,8,7,4,0,1,,
10445,104451,104452,104453,104455,104454,104456,heroTemp,10445,10445,10445,0,6,0,5,3,4,445,,,500,,1990,604,571,299,515,26,8,7,4,0,1,,
10446,104461,104462,104463,104465,104464,104466,heroTemp,10446,10446,10446,0,6,0,6,1,1,446,,,100,,1103,376,285,354,516,52,17,13,16,0,1,,
10447,104471,104472,104473,104475,104474,104476,heroTemp,10447,10447,10447,0,6,0,6,2,2,447,,,200,,1379,471,357,442,517,23,8,6,7,0,1,,
10448,104481,104482,104483,104485,104484,104486,heroTemp,10448,10448,10448,0,6,0,6,3,4,448,,,500,,1724,588,446,553,518,23,8,6,7,0,1,,
10449,104491,104492,104493,104495,104494,104496,heroTemp,10449,10449,10449,0,6,2,5,4,10,449,45304,46100,1000,,3100,912,849,910,500,25,7,7,7,0,1,,
10450,104501,104502,104503,104505,104504,104506,heroTemp,10450,10450,10450,0,6,2,5,5,15,450,45304,46100,1500,,3875,1140,1062,1138,500,19,6,5,6,0,1,,
10451,104511,104512,104513,104515,104514,104516,heroTemp,10451,10451,10451,0,6,2,5,6,23,451,45304,46100,2000,,4844,1425,1327,1422,500,16,5,4,5,0,1,,
10452,104521,104522,104523,104525,104524,104526,heroTemp,10452,10452,10452,0,6,2,6,5,15,452,45304,46100,1500,,3875,1140,1062,1138,500,19,6,5,6,0,1,,
10453,104531,104532,104533,104535,104534,104536,heroTemp,10453,10453,10453,0,6,2,6,6,23,453,45304,46100,2000,,4844,1425,1327,1422,500,16,5,4,5,0,1,,
10454,104541,104542,104543,104545,104544,104546,heroTemp,10454,10454,10454,0,6,2,6,7,30,454,45304,46100,2500,,5905,1702,1614,1700,500,14,4,4,4,0,1,,
10455,104551,104552,104553,104555,104554,104556,heroTemp,10455,10455,10455,0,6,2,6,3,10,455,45304,46100,500,,2400,742,712,746,500,30,8,7,8,0,1,,
10456,104561,104562,104563,104565,104564,104566,heroTemp,10456,10456,10456,0,6,2,6,4,15,456,45304,46100,1000,,3100,912,849,910,500,25,7,7,7,0,1,,
10457,104571,104572,104573,104575,104574,104576,heroTemp,10457,10457,10457,0,6,2,6,5,23,457,45304,46100,1500,,3875,1140,1062,1138,500,19,6,5,6,0,1,,
10458,104581,104582,104583,104585,104584,104586,heroTemp,10458,10458,10458,0,6,2,6,3,10,458,45304,46100,500,,2384,748,736,763,500,30,8,7,8,0,1,,
10459,104591,104592,104593,104595,104594,104596,heroTemp,10459,10459,10459,0,6,2,6,4,15,459,45304,46100,1000,,3100,912,849,910,500,25,7,7,7,0,1,,
10460,104601,104602,104603,104605,104604,104606,heroTemp,10460,10460,10460,0,6,2,6,5,23,460,45304,46100,1500,,3875,1140,1062,1138,500,19,6,5,6,0,1,,