FIELD_ID,BATTLE_ID,NAME_ID,DESC_ID,PRE_FIELD_ID,NEXT_FIELD_ID,EXP,COST_ENARGY,MAX_STEP,ENEMY1_ID,ENEMY1_RATE,ENEMY2_ID,ENEMY2_RATE,ENEMY3_ID,ENEMY3_RATE,ENEMY4_ID,ENEMY4_RATE,ENEMY5_ID,ENEMY5_RATE,ENEMY6_ID,ENEMY6_RATE,MESS_STEP_SUM,FINAL_BOSS_ENEMY_ID,CHESTS_ID,CHESTS_RATE,MONSTER_DROP_COIN_MAX,MONSTER_DROP_SOUL_MAX,
50001,30001,500011,500012,52003,50002,25,3,3,19,1667,20,1667,21,1667,22,1667,23,1666,24,1666,4,50004,1,2500,1200,900,
50002,30001,500021,500022,50001,50003,30,3,3,25,1667,26,1667,27,1667,28,1667,29,1666,30,1666,4,50005,1,2500,1200,900,
50003,30001,500031,500032,50002,50004,36,4,3,31,1667,32,1667,33,1667,34,1667,35,1666,36,1666,4,50006,1,2500,1900,1200,
50004,30002,500041,500042,50003,50005,40,3,3,37,1667,38,1667,39,1667,40,1667,41,1666,42,1666,4,50007,1,2500,1200,900,
50005,30002,500051,500052,50004,50006,45,3,3,43,1667,44,1667,45,1667,46,1667,47,1666,48,1666,4,50008,1,2500,1200,900,
50006,30002,500061,500062,50005,50007,64,4,3,49,1667,50,1667,51,1667,52,1667,53,1666,54,1666,4,50009,1,2500,1900,1200,
50007,30002,500071,500072,50006,50008,81,5,4,55,1667,56,1667,57,1667,58,1667,59,1666,60,1666,4,50010,1,2500,2500,1500,
50008,30003,500081,500082,50007,50009,50,3,3,61,1667,62,1667,63,1667,64,1667,65,1666,66,1666,4,50011,1,2500,1900,1200,
50009,30003,500091,500092,50008,50010,59,3,3,67,1667,68,1667,69,1667,70,1667,71,1666,72,1666,4,50012,1,2500,1900,1200,
50010,30003,500101,500102,50009,50011,61,4,3,73,1667,74,1667,75,1667,76,1667,77,1666,78,1666,4,50013,1,2500,2500,1500,
50011,30003,500111,500112,50010,50012,102,5,4,79,1667,80,1667,81,1667,82,1667,83,1666,84,1666,4,50014,1,2500,3100,1800,
50012,30004,500121,500122,50011,50013,50,3,3,85,1667,86,1667,87,1667,88,1667,89,1666,90,1666,4,50015,1,2500,2500,1500,
50013,30004,500131,500132,50012,50014,53,3,3,91,1667,92,1667,93,1667,94,1667,95,1666,96,1666,4,50016,1,2500,2500,1500,
50014,30004,500141,500142,50013,50015,72,4,4,97,1667,98,1667,99,1667,100,1667,101,1666,102,1666,4,50017,1,2500,3100,1800,
50015,30004,500151,500152,50014,50016,105,5,4,103,1667,104,1667,105,1667,106,1667,107,1666,108,1666,4,50018,1,2500,3700,2100,
50016,30005,500161,500162,50015,50017,51,3,4,109,1667,110,1667,111,1667,112,1667,113,1666,114,1666,4,50019,1,2500,3100,1800,
50017,30005,500171,500172,50016,50018,59,3,4,115,1667,116,1667,117,1667,118,1667,119,1666,120,1666,4,50020,1,2500,3100,1800,
50018,30005,500181,500182,50017,50019,75,4,4,121,1667,122,1667,123,1667,124,1667,125,1666,126,1666,4,50021,1,2500,3700,2100,
50019,30005,500191,500192,50018,50020,110,5,5,127,1667,128,1667,129,1667,130,1667,131,1666,132,1666,4,50022,1,2500,4200,2300,
50020,30006,500201,500202,50019,50021,70,4,4,133,1667,134,1667,135,1667,136,1667,137,1666,138,1666,4,50023,1,2500,4200,2300,
50021,30006,500211,500212,50020,50022,75,3,4,139,1667,140,1667,141,1667,142,1667,143,1666,144,1666,4,50024,1,2500,4700,2600,
50022,30006,500221,500222,50021,50023,102,4,5,145,1667,146,1667,147,1667,148,1667,149,1666,150,1666,4,50025,1,2500,5200,2800,
50023,30006,500231,500232,50022,50024,120,5,5,151,1667,152,1667,153,1667,154,1667,155,1666,156,1666,4,50026,1,2500,5600,3100,
50024,30007,500241,500242,50023,50025,68,3,4,157,1667,158,1667,159,1667,160,1667,161,1666,162,1666,4,50027,1,2500,5200,2800,
50025,30007,500251,500252,50024,50026,80,3,4,163,1667,164,1667,165,1667,166,1667,167,1666,168,1666,4,50028,1,2500,5600,3100,
50026,30007,500261,500262,50025,50027,101,4,4,187,1667,188,1667,189,1667,190,1667,191,1666,192,1666,5,50032,1,2500,28000,14000,
50027,30007,500271,500272,50026,50028,110,4,4,193,1667,194,1667,195,1667,196,1667,197,1666,198,1666,6,50033,7,2500,28000,14000,
50028,30007,500281,500282,50027,50029,150,5,5,199,1667,200,1667,201,1667,202,1667,203,1666,204,1666,7,50034,7,2500,28000,14000,
50029,30008,500291,500292,50028,50030,119,4,4,187,1667,188,1667,189,1667,190,1667,191,1666,192,1666,5,50032,1,2500,28000,14000,
50030,30008,500301,500302,50029,50031,153,4,4,193,1667,194,1667,195,1667,196,1667,197,1666,198,1666,6,50033,7,2500,28000,14000,
50031,30008,500311,500312,50030,50032,189,5,5,199,1667,200,1667,201,1667,202,1667,203,1666,204,1666,7,50034,7,2500,28000,14000,
50032,30008,500321,500322,50031,50033,202,5,5,187,2000,188,2000,189,2000,190,2000,191,2000,,,4,50035,1,2500,6100,3300,
50033,30008,500331,500332,50032,50034,405,6,6,193,2000,194,2000,195,2000,196,2000,197,2000,,,4,50036,1,2500,6600,3500,
50034,30009,500341,500342,50033,50035,149,4,4,199,2000,200,2000,201,2000,202,2000,203,2000,,,4,50037,1,2500,6100,3300,
50035,30009,500351,500352,50034,50036,173,4,4,205,2000,206,2000,207,2000,208,2000,209,2000,,,4,50038,1,2500,6100,3300,
50036,30009,500361,500362,50035,50037,211,5,5,211,2000,212,2000,213,2000,214,2000,215,2000,,,4,50039,1,2500,6100,3300,
50037,30009,500371,500372,50036,50038,253,5,5,217,2000,218,2000,219,2000,220,2000,221,2000,,,4,50040,1,2500,6600,3500,
50038,30009,500381,500382,50037,50039,437,6,6,223,2000,224,2000,225,2000,226,2000,227,2000,,,4,50041,1,2500,7000,3800,
50039,30010,500391,500392,50038,50040,162,4,4,229,2000,230,2000,231,2000,232,2000,233,2000,,,4,50042,1,2500,6100,3300,
50040,30010,500401,500402,50039,50041,188,4,4,235,2000,236,2000,237,2000,238,2000,239,2000,,,4,50043,1,2500,6600,3500,
50041,30010,500411,500412,50040,50042,222,5,5,241,2000,242,2000,243,2000,244,2000,245,2000,,,4,50044,1,2500,6600,3500,
50042,30010,500421,500422,50041,50043,276,5,5,247,2000,248,2000,249,2000,250,2000,251,2000,,,4,50045,1,2500,7000,3800,
50043,30010,500431,500432,50042,50044,464,6,6,253,2000,254,2000,255,2000,256,2000,257,2000,,,4,50046,1,2500,7500,4000,
50044,30011,500441,500442,50043,50045,189,4,4,259,2000,260,2000,261,2000,262,2000,263,2000,,,4,50047,1,2500,6600,3500,
50045,30011,500451,500452,50044,50046,237,4,4,265,2000,266,2000,267,2000,268,2000,269,2000,,,4,50048,1,2500,7000,3800,
50046,30011,500461,500462,50045,50047,265,5,5,271,2000,272,2000,273,2000,274,2000,275,2000,,,4,50049,1,2500,7000,3800,
50047,30011,500471,500472,50046,50048,302,5,5,277,2000,278,2000,279,2000,280,2000,281,2000,,,4,50050,1,2500,7500,4000,
50048,30011,500481,500482,50047,50049,513,6,6,283,2000,284,2000,285,2000,286,2000,287,2000,,,4,50051,1,2500,8000,4300,
50049,30012,500491,500492,50048,50050,238,5,5,289,2000,290,2000,291,2000,292,2000,293,2000,,,4,50052,1,2500,7000,3800,
50050,30012,500501,500502,50049,50051,311,5,5,295,2000,296,2000,297,2000,298,2000,299,2000,,,4,50053,1,2500,7500,4000,
50051,30012,500511,500512,50050,50052,365,6,5,301,2000,302,2000,303,2000,304,2000,305,2000,,,4,50054,1,2500,7500,4000,
50052,30012,500521,500522,50051,50053,378,6,6,307,2000,308,2000,309,2000,310,2000,311,2000,,,4,50055,1,2500,8000,4300,
50053,30012,500531,500532,50052,50054,540,7,6,313,2000,314,2000,315,2000,316,2000,317,2000,,,4,50056,1,2500,8500,4500,
50054,30013,500541,500542,50053,50055,257,5,5,319,2000,320,2000,321,2000,322,2000,323,2000,,,4,50057,1,2500,7500,4000,
50055,30013,500551,500552,50054,50056,329,5,5,325,2000,326,2000,327,2000,328,2000,329,2000,,,4,50058,1,2500,8000,4300,
50056,30013,500561,500562,50055,50057,392,6,5,331,2000,332,2000,333,2000,334,2000,335,2000,,,4,50059,1,2500,8000,4300,
50057,30013,500571,500572,50056,50058,405,6,6,337,2000,338,2000,339,2000,340,2000,341,2000,,,4,50060,1,2500,8500,4500,
50058,30013,500581,500582,50057,50059,575,7,6,343,2000,344,2000,345,2000,346,2000,347,2000,,,4,50061,1,2500,9100,4800,
50059,30014,500591,500592,50058,50060,306,5,5,349,2000,350,2000,351,2000,352,2000,353,2000,,,4,50062,1,2500,8000,4300,
50060,30014,500601,500602,50059,50061,348,5,5,355,2000,356,2000,357,2000,358,2000,359,2000,,,4,50063,1,2500,8500,4500,
50061,30014,500611,500612,50060,50062,405,6,5,361,2000,362,2000,363,2000,364,2000,365,2000,,,4,50064,1,2500,8500,4500,
50062,30014,500621,500622,50061,50063,401,6,6,367,2000,368,2000,369,2000,370,2000,371,2000,,,4,50065,1,2500,9100,4800,
50063,30014,500631,500632,50062,50064,540,7,6,373,2000,374,2000,375,2000,376,2000,377,2000,,,4,50066,1,2500,9700,5100,
50064,30014,500641,500642,50063,50065,675,7,6,379,2000,380,2000,381,2000,382,2000,383,2000,,,4,50067,1,2500,10300,5400,
50065,30015,500651,500652,50064,50066,368,5,5,385,2000,386,2000,387,2000,388,2000,389,2000,,,4,50068,1,2500,8000,4300,
50066,30015,500661,500662,50065,50067,414,5,5,391,2000,392,2000,393,2000,394,2000,395,2000,,,4,50069,1,2500,8500,4500,
50067,30015,500671,500672,50066,50068,598,7,5,397,2000,398,2000,399,2000,400,2000,401,2000,,,4,50070,1,2500,9100,4800,
50068,30015,500681,500682,50067,50069,690,7,5,403,2000,404,2000,405,2000,406,2000,407,2000,,,4,50071,1,2500,9700,5100,
50069,30015,500691,500692,50068,50070,920,9,6,409,2000,410,2000,411,2000,412,2000,413,2000,,,4,50072,1,2500,10300,5400,
50070,30016,500701,500702,50069,50071,425,5,5,415,2000,416,2000,417,2000,418,2000,419,2000,,,4,50073,1,2500,8500,4500,
50071,30016,500711,500712,50070,50072,581,6,5,421,2000,422,2000,423,2000,424,2000,425,2000,,,4,50074,1,2500,9100,4800,
50072,30016,500721,500722,50071,50073,662,7,5,427,2000,428,2000,429,2000,430,2000,431,2000,,,4,50075,1,2500,9700,5100,
50073,30016,500731,500732,50072,50074,853,8,6,433,2000,434,2000,435,2000,436,2000,437,2000,,,4,50076,1,2500,10300,5400,
50074,30016,500741,500742,50073,50075,1026,9,6,439,2000,440,2000,441,2000,442,2000,443,2000,,,4,50077,1,2500,11000,5700,
50075,30017,500751,500752,50074,50076,483,5,5,445,2000,446,2000,447,2000,448,2000,449,2000,,,4,50078,1,2500,9100,4800,
50076,30017,500761,500762,50075,50077,633,6,5,451,2000,452,2000,453,2000,454,2000,455,2000,,,4,50079,1,2500,9700,5100,
50077,30017,500771,500772,50076,50078,809,7,5,457,2000,458,2000,459,2000,460,2000,461,2000,,,4,50080,1,2500,10300,5400,
50078,30017,500781,500782,50077,50079,888,8,5,463,2000,464,2000,465,2000,466,2000,467,2000,,,4,50081,1,2500,11000,5700,
50079,30017,500791,500792,50078,50080,1022,9,6,469,2000,470,2000,471,2000,472,2000,473,2000,,,4,50082,1,2500,11700,6100,
50080,30018,500801,500802,50079,50081,497,5,5,475,2000,476,2000,477,2000,478,2000,479,2000,,,4,50083,2,2500,9700,5100,
50081,30018,500811,500812,50080,50082,635,7,5,481,2000,482,2000,483,2000,484,2000,485,2000,,,4,50084,2,2500,10300,5400,
50082,30018,500821,500822,50081,50083,819,7,5,487,2000,488,2000,489,2000,490,2000,491,2000,,,4,50085,2,2500,11000,5700,
50083,30018,500831,500832,50082,50084,925,8,6,493,2000,494,2000,495,2000,496,2000,497,2000,,,4,50086,2,2500,11700,6100,
50084,30018,500841,500842,50083,50085,1084,10,6,499,2000,500,2000,501,2000,502,2000,503,2000,,,4,50087,2,2500,12500,6500,
50085,30019,500851,500852,50084,50086,575,6,5,505,2000,506,2000,507,2000,508,2000,509,2000,,,4,50088,2,2500,11000,5700,
50086,30019,500861,500862,50085,50087,658,7,5,511,2000,512,2000,513,2000,514,2000,515,2000,,,4,50089,2,2500,11000,5700,
50087,30019,500871,500872,50086,50088,837,8,6,517,2000,518,2000,519,2000,520,2000,521,2000,,,4,50090,2,2500,11700,6100,
50088,30019,500881,500882,50087,50089,920,9,6,523,2000,524,2000,525,2000,526,2000,527,2000,,,4,50091,2,2500,12500,6500,
50089,30019,500891,500892,50088,50090,1093,10,6,529,2000,530,2000,531,2000,532,2000,533,2000,,,4,50092,2,2500,13300,6900,
50090,30020,500901,500902,50089,50091,589,6,5,535,2000,536,2000,537,2000,538,2000,539,2000,,,4,50093,2,2500,11700,6100,
50091,30020,500911,500912,50090,50092,672,7,5,541,2000,542,2000,543,2000,544,2000,545,2000,,,4,50094,2,2500,12500,6500,
50092,30020,500921,500922,50091,50093,851,8,6,547,2000,548,2000,549,2000,550,2000,551,2000,,,4,50095,2,2500,12500,6500,
50093,30020,500931,500932,50092,50094,966,9,6,553,2000,554,2000,555,2000,556,2000,557,2000,,,4,50096,2,2500,13300,6900,
50094,30020,500941,500942,50093,50095,1131,10,6,559,2000,560,2000,561,2000,562,2000,563,2000,,,4,50097,2,2500,14200,7400,
50095,30021,500951,500952,50094,50096,736,6,6,565,2000,566,2000,567,2000,568,2000,569,2000,,,4,50098,2,2500,12500,6500,
50096,30021,500961,500962,50095,50097,920,7,6,571,2000,572,2000,573,2000,574,2000,575,2000,,,4,50099,2,2500,13300,6900,
50097,30021,500971,500972,50096,50098,1058,8,6,577,2000,578,2000,579,2000,580,2000,581,2000,,,4,50100,2,2500,13300,6900,
50098,30021,500981,500982,50097,50099,1150,9,6,583,2000,584,2000,585,2000,586,2000,587,2000,,,4,50101,2,2500,14200,7400,
50099,30021,500991,500992,50098,50100,1230,10,6,589,2000,590,2000,591,2000,592,2000,593,2000,,,4,50102,2,2500,15200,7800,
50100,30021,501001,501002,50099,50101,1380,11,6,595,2000,596,2000,597,2000,598,2000,599,2000,,,4,50103,2,2500,17400,8900,
50101,30022,501011,501012,50100,50102,520,5,5,601,2000,602,2000,603,2000,604,2000,605,2000,,,4,50104,2,2500,11700,6100,
50102,30022,501021,501022,50101,50103,555,5,5,607,2000,608,2000,609,2000,610,2000,611,2000,,,4,50105,2,2500,12500,6500,
50103,30022,501031,501032,50102,50104,582,5,5,613,2000,614,2000,615,2000,616,2000,617,2000,,,4,50106,2,2500,13300,6900,
50104,30022,501041,501042,50103,50105,600,5,6,619,2000,620,2000,621,2000,622,2000,623,2000,,,4,50107,2,2500,14200,7400,
50105,30022,501051,501052,50104,50106,746,6,6,625,2000,626,2000,627,2000,628,2000,629,2000,,,4,50108,2,2500,15200,7800,
50106,30023,501061,501062,50105,50107,544,5,5,631,2000,632,2000,633,2000,634,2000,635,2000,,,4,50109,2,2500,13300,6900,
50107,30023,501071,501072,50106,50108,568,5,5,637,2000,638,2000,639,2000,640,2000,641,2000,,,4,50110,2,2500,13300,6900,
50108,30023,501081,501082,50107,50109,600,5,6,643,2000,644,2000,645,2000,646,2000,647,2000,,,4,50111,2,2500,14200,7400,
50109,30023,501091,501092,50108,50110,637,6,6,649,2000,650,2000,651,2000,652,2000,653,2000,,,4,50112,2,2500,15200,7800,
50110,30023,501101,501102,50109,50111,788,6,6,655,2000,656,2000,657,2000,658,2000,659,2000,,,4,50113,2,2500,16200,8400,
50111,30024,501111,501112,50110,50112,743,7,5,661,2000,662,2000,663,2000,664,2000,665,2000,,,4,50114,2,2500,14200,7400,
50112,30024,501121,501122,50111,50113,806,7,5,667,2000,668,2000,669,2000,670,2000,671,2000,,,4,50115,2,2500,14200,7400,
50113,30024,501131,501132,50112,50114,1029,8,5,673,2000,674,2000,675,2000,676,2000,677,2000,,,4,50116,2,2500,15200,7800,
50114,30024,501141,501142,50113,50115,1097,8,6,679,2000,680,2000,681,2000,682,2000,683,2000,,,4,50117,2,2500,16200,8400,
50115,30024,501151,501152,50114,50116,1200,9,6,685,2000,686,2000,687,2000,688,2000,689,2000,,,4,50118,2,2500,17400,8900,
50116,30025,501161,501162,50115,50117,760,7,5,691,2000,692,2000,693,2000,694,2000,695,2000,,,4,50119,2,2500,15200,7800,
50117,30025,501171,501172,50116,50118,829,8,5,697,2000,698,2000,699,2000,700,2000,701,2000,,,4,50120,2,2500,16200,8400,
50118,30025,501181,501182,50117,50119,1080,8,6,703,2000,704,2000,705,2000,706,2000,707,2000,,,4,50121,2,2500,16200,8400,
50119,30025,501191,501192,50118,50120,1160,9,6,709,2000,710,2000,711,2000,712,2000,713,2000,,,4,50122,2,2500,17400,8900,
50120,30025,501201,501202,50119,50121,1314,9,6,715,2000,716,2000,717,2000,718,2000,719,2000,,,4,50123,2,2500,18600,9600,
50121,30026,501211,501212,50120,50122,1146,7,5,721,2000,722,2000,723,2000,724,2000,725,2000,,,4,50124,2,2500,16200,8400,
50122,30026,501221,501222,50121,50123,1323,8,5,727,2000,728,2000,729,2000,730,2000,731,2000,,,4,50125,2,2500,17400,8900,
50123,30026,501231,501232,50122,50124,1374,8,6,733,2000,734,2000,735,2000,736,2000,737,2000,,,4,50126,2,2500,18600,9600,
50124,30026,501241,501242,50123,50125,1403,9,6,739,2000,740,2000,741,2000,742,2000,743,2000,,,4,50127,2,2500,18600,9600,
50125,30026,501251,501252,50124,50126,1671,10,6,745,2000,746,2000,747,2000,748,2000,749,2000,,,4,50128,2,2500,19900,10200,
50126,30027,501261,501262,50125,50127,1180,8,5,751,2000,752,2000,753,2000,754,2000,755,2000,,,4,50129,2,2500,17400,8900,
50127,30027,501271,501272,50126,50128,1346,9,5,757,2000,758,2000,759,2000,760,2000,761,2000,,,4,50130,2,2500,18600,9600,
50128,30027,501281,501282,50127,50129,1431,9,6,763,2000,764,2000,765,2000,766,2000,767,2000,,,4,50131,2,2500,19900,10200,
50129,30027,501291,501292,50128,50130,1471,10,6,769,2000,770,2000,771,2000,772,2000,773,2000,,,4,50132,2,2500,21400,10900,
50130,30027,501301,501302,50129,50131,1686,10,6,775,2000,776,2000,777,2000,778,2000,779,2000,,,4,50133,2,2500,21400,10900,
50131,30028,501311,501312,50130,50132,1300,8,6,781,2000,782,2000,783,2000,784,2000,785,2000,,,4,50134,2,2500,18600,9600,
50132,30028,501321,501322,50131,50133,1348,8,6,787,2000,788,2000,789,2000,790,2000,791,2000,,,4,50135,2,2500,19900,10200,
50133,30028,501331,501332,50132,50134,1443,9,6,793,2000,794,2000,795,2000,796,2000,797,2000,,,4,50136,2,2500,21400,10900,
50134,30028,501341,501342,50133,50135,1448,9,6,799,2000,800,2000,801,2000,802,2000,803,2000,,,4,50137,2,2500,22900,11700,
50135,30028,501351,501352,50134,50136,1500,9,6,805,2000,806,2000,807,2000,808,2000,809,2000,,,4,50138,2,2500,22900,11700,
50136,30028,501361,501362,50135,50137,1729,10,6,811,2000,812,2000,813,2000,814,2000,815,2000,,,4,50139,2,2500,30200,15300,
50137,30029,501371,501372,50136,50138,625,5,5,817,2000,818,2000,819,2000,820,2000,821,2000,,,4,50140,2,2500,18600,9600,
50138,30029,501381,501382,50137,50139,672,5,5,823,2000,824,2000,825,2000,826,2000,827,2000,,,4,50141,2,2500,19900,10200,
50139,30029,501391,501392,50138,50140,943,6,6,829,2000,830,2000,831,2000,832,2000,833,2000,,,4,50142,2,2500,21400,10900,
50140,30029,501401,501402,50139,50141,1098,7,6,835,2000,836,2000,837,2000,838,2000,839,2000,,,4,50143,2,2500,22900,11700,
50141,30029,501411,501412,50140,50142,1448,9,6,841,2000,842,2000,843,2000,844,2000,845,2000,,,4,50144,2,2500,24500,12500,
50142,30030,501421,501422,50141,50143,700,5,5,847,2000,848,2000,849,2000,850,2000,851,2000,,,4,50145,2,2500,19900,10200,
50143,30030,501431,501432,50142,50144,915,6,5,853,2000,854,2000,855,2000,856,2000,857,2000,,,4,50146,2,2500,21400,10900,
50144,30030,501441,501442,50143,50145,1052,7,6,859,2000,860,2000,861,2000,862,2000,863,2000,,,4,50147,2,2500,22900,11700,
50145,30030,501451,501452,50144,50146,1347,8,6,865,2000,866,2000,867,2000,868,2000,869,2000,,,4,50148,2,2500,24500,12500,
50146,30030,501461,501462,50145,50147,1656,8,6,871,2000,872,2000,873,2000,874,2000,875,2000,,,4,50149,2,2500,26300,13400,
50147,30031,501471,501472,50146,50148,814,5,5,877,2000,878,2000,879,2000,880,2000,881,2000,,,4,50150,2,2500,22900,11700,
50148,30031,501481,501482,50147,50149,1067,6,5,883,2000,884,2000,885,2000,886,2000,887,2000,,,4,50151,2,2500,22900,11700,
50149,30031,501491,501492,50148,50150,1261,7,6,889,2000,890,2000,891,2000,892,2000,893,2000,,,4,50152,2,2500,24500,12500,
50150,30031,501501,501502,50149,50151,1471,8,6,895,2000,896,2000,897,2000,898,2000,899,2000,,,4,50153,2,2500,26300,13400,
50151,30031,501511,501512,50150,50152,1595,8,6,901,2000,902,2000,903,2000,904,2000,905,2000,,,4,50154,2,2500,28200,14300,
50152,30032,501521,501522,50151,50153,829,5,5,907,2000,908,2000,909,2000,910,2000,911,2000,,,4,50155,2,2500,24500,12500,
50153,30032,501531,501532,50152,50154,991,6,5,913,2000,914,2000,915,2000,916,2000,917,2000,,,4,50156,2,2500,24500,12500,
50154,30032,501541,501542,50153,50155,1281,7,6,919,2000,920,2000,921,2000,922,2000,923,2000,,,4,50157,2,2500,26300,13400,
50155,30032,501551,501552,50154,50156,1526,8,6,925,2000,926,2000,927,2000,928,2000,929,2000,,,4,50158,2,2500,28200,14300,
50156,30032,501561,501562,50155,50157,1704,9,6,931,2000,932,2000,933,2000,934,2000,935,2000,,,4,50159,2,2500,30200,15300,
50157,30033,501571,501572,50156,50158,928,6,5,937,2000,938,2000,939,2000,940,2000,941,2000,,,4,50160,2,2500,26300,13400,
50158,30033,501581,501582,50157,50159,1070,7,5,943,2000,944,2000,945,2000,946,2000,947,2000,,,4,50161,2,2500,26300,13400,
50159,30033,501591,501592,50158,50160,1401,8,6,949,2000,950,2000,951,2000,952,2000,953,2000,,,4,50162,2,2500,30200,15300,
50160,30033,501601,501602,50159,50161,1511,9,6,955,2000,956,2000,957,2000,958,2000,959,2000,,,4,50163,2,2500,30200,15300,
50161,30033,501611,501612,50160,50162,1834,9,6,961,2000,962,2000,963,2000,964,2000,965,2000,,,4,50164,2,2500,32300,16400,
50162,30034,501621,501622,50161,50163,929,6,5,967,2000,968,2000,969,2000,970,2000,971,2000,,,4,50165,2,2500,28200,14300,
50163,30034,501631,501632,50162,50164,1065,7,5,973,2000,974,2000,975,2000,976,2000,977,2000,,,4,50166,2,2500,28200,14300,
50164,30034,501641,501642,50163,50165,1327,8,6,979,2000,980,2000,981,2000,982,2000,983,2000,,,4,50167,2,2500,32300,16400,
50165,30034,501651,501652,50164,50166,1581,9,6,985,2000,986,2000,987,2000,988,2000,989,2000,,,4,50168,2,2500,32300,16400,
50166,30034,501661,501662,50165,50167,1761,9,6,991,2000,992,2000,993,2000,994,2000,995,2000,,,4,50169,2,2500,32700,16600,
50167,30035,501671,501672,50166,50168,1225,6,6,997,2000,998,2000,999,2000,1000,2000,1001,2000,,,4,50170,2,2500,30200,15300,
50168,30035,501681,501682,50167,50169,1522,7,6,1003,2000,1004,2000,1005,2000,1006,2000,1007,2000,,,4,50171,2,2500,30200,15300,
50169,30035,501691,501692,50168,50170,1799,8,6,1009,2000,1010,2000,1011,2000,1012,2000,1013,2000,,,4,50172,2,2500,32700,16600,
50170,30035,501701,501702,50169,50171,1832,9,6,1015,2000,1016,2000,1017,2000,1018,2000,1019,2000,,,4,50173,2,2500,32700,16600,
50171,30035,501711,501712,50170,50172,1943,10,6,1021,2000,1022,2000,1023,2000,1024,2000,1025,2000,,,4,50174,2,2500,33100,16800,
50172,30035,501721,501722,50171,50173,2174,11,6,1027,2000,1028,2000,1029,2000,1030,2000,1031,2000,,,4,50175,2,2500,34300,17400,
50173,30036,501731,501732,50172,50174,735,6,5,1033,2000,1034,2000,1035,2000,1036,2000,1037,2000,,,4,50176,2,2500,30200,15300,
50174,30036,501741,501742,50173,50175,769,6,5,1039,2000,1040,2000,1041,2000,1042,2000,1043,2000,,,4,50177,2,2500,30200,15300,
50175,30036,501751,501752,50174,50176,1119,7,6,1045,2000,1046,2000,1047,2000,1048,2000,1049,2000,,,4,50178,2,2500,32300,16400,
50176,30036,501761,501762,50175,50177,1307,7,6,1051,2000,1052,2000,1053,2000,1054,2000,1055,2000,,,4,50179,2,2500,32700,16600,
50177,30037,501771,501772,50176,50178,783,6,6,1057,2000,1058,2000,1059,2000,1060,2000,1061,2000,,,4,50180,2,2500,32300,16400,
50178,30037,501781,501782,50177,50179,1072,7,5,1063,2000,1064,2000,1065,2000,1066,2000,1067,2000,,,4,50181,2,2500,32300,16400,
50179,30037,501791,501792,50178,50180,1261,8,6,1069,2000,1070,2000,1071,2000,1072,2000,1073,2000,,,4,50182,2,2500,32700,16600,
50180,30037,501801,501802,50179,50181,1525,8,6,1075,2000,1076,2000,1077,2000,1078,2000,1079,2000,,,4,50183,2,2500,33100,16800,
50181,30038,501811,501812,50180,50182,976,6,6,1081,2000,1082,2000,1083,2000,1084,2000,1085,2000,,,4,50184,2,2500,32700,16600,
50182,30038,501821,501822,50181,50183,1157,7,6,1087,2000,1088,2000,1089,2000,1090,2000,1091,2000,,,4,50185,2,2500,32700,16600,
50183,30038,501831,501832,50182,50184,1399,8,5,1093,2000,1094,2000,1095,2000,1096,2000,1097,2000,,,4,50186,2,2500,33100,16800,
50184,30038,501841,501842,50183,50185,1627,8,6,1099,2000,1100,2000,1101,2000,1102,2000,1103,2000,,,4,50187,2,2500,33500,17000,
50185,30039,501851,501852,50184,50186,937,6,6,1105,2000,1106,2000,1107,2000,1108,2000,1109,2000,,,4,50188,2,2500,32700,16600,
50186,30039,501861,501862,50185,50187,1115,7,6,1111,2000,1112,2000,1113,2000,1114,2000,1115,2000,,,4,50189,2,2500,33100,16800,
50187,30039,501871,501872,50186,50188,1512,8,6,1117,2000,1118,2000,1119,2000,1120,2000,1121,2000,,,4,50190,2,2500,33100,16800,
50188,30039,501881,501882,50187,50189,1694,8,5,1123,2000,1124,2000,1125,2000,1126,2000,1127,2000,,,4,50191,2,2500,33500,17000,
50189,30039,501891,501892,50188,50190,2011,10,5,1129,2000,1130,2000,1131,2000,1132,2000,1133,2000,,,4,50192,2,2500,33900,17200,
50190,30040,501901,501902,50189,50191,1027,7,6,1135,2000,1136,2000,1137,2000,1138,2000,1139,2000,,,4,50193,2,2500,33100,16800,
50191,30040,501911,501912,50190,50192,1212,8,6,1141,2000,1142,2000,1143,2000,1144,2000,1145,2000,,,4,50194,2,2500,33500,17000,
50192,30040,501921,501922,50191,50193,1577,9,6,1147,2000,1148,2000,1149,2000,1150,2000,1151,2000,,,4,50195,2,2500,33500,17000,
50193,30040,501931,501932,50192,50194,1714,9,5,1153,2000,1154,2000,1155,2000,1156,2000,1157,2000,,,4,50196,2,2500,33900,17200,
50194,30040,501941,501942,50193,50195,1999,10,5,1159,2000,1160,2000,1161,2000,1162,2000,1163,2000,,,4,50197,2,2500,34300,17400,
50195,30041,501951,501952,50194,50196,1043,7,6,1165,2000,1166,2000,1167,2000,1168,2000,1169,2000,,,4,50198,2,2500,33500,17000,
50196,30041,501961,501962,50195,50197,1242,7,6,1171,2000,1172,2000,1173,2000,1174,2000,1175,2000,,,4,50199,2,2500,33900,17200,
50197,30041,501971,501972,50196,50198,1503,8,6,1177,2000,1178,2000,1179,2000,1180,2000,1181,2000,,,4,50200,2,2500,33900,17200,
50198,30041,501981,501982,50197,50199,1786,9,5,1183,2000,1184,2000,1185,2000,1186,2000,1187,2000,,,4,50201,2,2500,34300,17400,
50199,30041,501991,501992,50198,50200,2004,10,5,1189,2000,1190,2000,1191,2000,1192,2000,1193,2000,,,4,50202,2,2500,34700,17600,
50200,30042,502001,502002,50199,50201,1449,8,6,1195,2000,1196,2000,1197,2000,1198,2000,1199,2000,,,4,50203,2,2500,33900,17200,
50201,30042,502011,502012,50200,50202,1832,9,6,1201,2000,1202,2000,1203,2000,1204,2000,1205,2000,,,4,50204,2,2500,34300,17400,
50202,30042,502021,502022,50201,50203,2067,9,6,1207,2000,1208,2000,1209,2000,1210,2000,1211,2000,,,4,50205,2,2500,34300,17400,
50203,30042,502031,502032,50202,50204,2106,10,6,1213,2000,1214,2000,1215,2000,1216,2000,1217,2000,,,4,50206,2,2500,34700,17600,
50204,30042,502041,502042,50203,50205,2157,11,6,1219,2000,1220,2000,1221,2000,1222,2000,1223,2000,,,4,50207,2,2500,34700,17600,
50205,30042,502051,502052,50204,50206,2300,12,6,1225,2000,1226,2000,1227,2000,1228,2000,1229,2000,,,4,50208,2,2500,36300,18400,
50206,30043,502061,502062,50205,50207,1224,6,5,1231,2000,1232,2000,1233,2000,1234,2000,1235,2000,,,4,50209,3,2500,34300,17400,
50207,30043,502071,502072,50206,50208,1294,6,6,1237,2000,1238,2000,1239,2000,1240,2000,1241,2000,,,4,50210,3,2500,34300,17400,
50208,30043,502081,502082,50207,50209,1499,7,6,1243,2000,1244,2000,1245,2000,1246,2000,1247,2000,,,4,50211,3,2500,34300,17400,
50209,30043,502091,502092,50208,50210,1493,8,6,1249,2000,1250,2000,1251,2000,1252,2000,1253,2000,,,4,50212,3,2500,34700,17600,
50210,30043,502101,502102,50209,50211,1650,8,6,1255,2000,1256,2000,1257,2000,1258,2000,1259,2000,,,4,50213,3,2500,34700,17600,
50211,30044,502111,502112,50210,50212,1323,7,5,1261,2000,1262,2000,1263,2000,1264,2000,1265,2000,,,4,50214,3,2500,34700,17600,
50212,30044,502121,502122,50211,50213,1376,7,6,1267,2000,1268,2000,1269,2000,1270,2000,1271,2000,,,4,50215,3,2500,34700,17600,
50213,30044,502131,502132,50212,50214,1441,7,6,1273,2000,1274,2000,1275,2000,1276,2000,1277,2000,,,4,50216,3,2500,34700,17600,
50214,30044,502141,502142,50213,50215,1578,8,6,1279,2000,1280,2000,1281,2000,1282,2000,1283,2000,,,4,50217,3,2500,35100,17800,
50215,30044,502151,502152,50214,50216,1702,8,6,1285,2000,1286,2000,1287,2000,1288,2000,1289,2000,,,4,50218,3,2500,35100,17800,
50216,30045,502161,502162,50215,50217,1240,7,5,1291,2000,1292,2000,1293,2000,1294,2000,1295,2000,,,4,50219,3,2500,35100,17800,
50217,30045,502171,502172,50216,50218,1332,7,6,1297,2000,1298,2000,1299,2000,1300,2000,1301,2000,,,4,50220,3,2500,35100,17800,
50218,30045,502181,502182,50217,50219,1488,7,6,1303,2000,1304,2000,1305,2000,1306,2000,1307,2000,,,4,50221,3,2500,35100,17800,
50219,30045,502191,502192,50218,50220,1513,8,6,1309,2000,1310,2000,1311,2000,1312,2000,1313,2000,,,4,50222,3,2500,35500,18000,
50220,30045,502201,502202,50219,50221,1741,8,6,1315,2000,1316,2000,1317,2000,1318,2000,1319,2000,,,4,50223,3,2500,35500,18000,
50221,30046,502211,502212,50220,50222,1310,7,5,1321,2000,1322,2000,1323,2000,1324,2000,1325,2000,,,4,50224,3,2500,35500,18000,
50222,30046,502221,502222,50221,50223,1339,7,5,1327,2000,1328,2000,1329,2000,1330,2000,1331,2000,,,4,50225,3,2500,35500,18000,
50223,30046,502231,502232,50222,50224,1462,7,6,1333,2000,1334,2000,1335,2000,1336,2000,1337,2000,,,4,50226,3,2500,35900,18200,
50224,30046,502241,502242,50223,50225,1540,8,6,1339,2000,1340,2000,1341,2000,1342,2000,1343,2000,,,4,50227,3,2500,35900,18200,
50225,30046,502251,502252,50224,50226,1701,9,6,1345,2000,1346,2000,1347,2000,1348,2000,1349,2000,,,4,50228,3,2500,35900,18200,
50226,30047,502261,502262,50225,50227,1339,7,5,1351,2000,1352,2000,1353,2000,1354,2000,1355,2000,,,4,50229,3,2500,35900,18200,
50227,30047,502271,502272,50226,50228,1340,7,5,1357,2000,1358,2000,1359,2000,1360,2000,1361,2000,,,4,50230,3,2500,35900,18200,
50228,30047,502281,502282,50227,50229,1465,8,6,1363,2000,1364,2000,1365,2000,1366,2000,1367,2000,,,4,50231,3,2500,36300,18400,
50229,30047,502291,502292,50228,50230,1593,9,6,1369,2000,1370,2000,1371,2000,1372,2000,1373,2000,,,4,50232,3,2500,36300,18400,
50230,30047,502301,502302,50229,50231,1696,9,6,1375,2000,1376,2000,1377,2000,1378,2000,1379,2000,,,4,50233,3,2500,36300,18400,
50231,30048,502311,502312,50230,50232,1384,7,5,1381,2000,1382,2000,1383,2000,1384,2000,1385,2000,,,4,50234,3,2500,36300,18400,
50232,30048,502321,502322,50231,50233,1423,7,6,1387,2000,1388,2000,1389,2000,1390,2000,1391,2000,,,4,50235,3,2500,36300,18400,
50233,30048,502331,502332,50232,50234,1570,8,6,1393,2000,1394,2000,1395,2000,1396,2000,1397,2000,,,4,50236,3,2500,36700,18600,
50234,30048,502341,502342,50233,50235,1663,9,6,1399,2000,1400,2000,1401,2000,1402,2000,1403,2000,,,4,50237,3,2500,36700,18600,
50235,30048,502351,502352,50234,50236,1821,9,6,1405,2000,1406,2000,1407,2000,1408,2000,1409,2000,,,4,50238,3,2500,37100,18800,
50236,30049,502361,502362,50235,50237,1225,7,6,1411,2000,1412,2000,1413,2000,1414,2000,1415,2000,,,4,50239,3,2500,36700,18600,
50237,30049,502371,502372,50236,50238,1458,7,6,1417,2000,1418,2000,1419,2000,1420,2000,1421,2000,,,4,50240,3,2500,36700,18600,
50238,30049,502381,502382,50237,50239,1657,8,6,1423,2000,1424,2000,1425,2000,1426,2000,1427,2000,,,4,50241,3,2500,37100,18800,
50239,30049,502391,502392,50238,50240,1728,9,6,1429,2000,1430,2000,1431,2000,1432,2000,1433,2000,,,4,50242,3,2500,37100,18800,
50240,30049,502401,502402,50239,50241,1833,10,6,1435,2000,1436,2000,1437,2000,1438,2000,1439,2000,,,4,50243,3,2500,37500,19000,
50241,30049,502411,502412,50240,50242,2258,11,6,1441,2000,1442,2000,1443,2000,1444,2000,1445,2000,,,4,50244,3,2500,38300,19400,
50242,30050,502421,502422,50241,50243,1265,6,5,1447,2000,1448,2000,1449,2000,1450,2000,1451,2000,,,4,50245,3,2500,36300,18400,
50243,30050,502431,502432,50242,50244,1349,6,6,1453,2000,1454,2000,1455,2000,1456,2000,1457,2000,,,4,50246,3,2500,36300,18400,
50244,30050,502441,502442,50243,50245,1600,7,6,1459,2000,1460,2000,1461,2000,1462,2000,1463,2000,,,4,50247,3,2500,36300,18400,
50245,30050,502451,502452,50244,50246,1657,8,6,1465,2000,1466,2000,1467,2000,1468,2000,1469,2000,,,4,50248,3,2500,36700,18600,
50246,30050,502461,502462,50245,50247,1770,8,6,1471,2000,1472,2000,1473,2000,1474,2000,1475,2000,,,4,50249,3,2500,36700,18600,
50247,30051,502471,502472,50246,50248,1351,7,5,1477,2000,1478,2000,1479,2000,1480,2000,1481,2000,,,4,50250,3,2500,36700,18600,
50248,30051,502481,502482,50247,50249,1460,7,6,1483,2000,1484,2000,1485,2000,1486,2000,1487,2000,,,4,50251,3,2500,36700,18600,
50249,30051,502491,502492,50248,50250,1615,7,6,1489,2000,1490,2000,1491,2000,1492,2000,1493,2000,,,4,50252,3,2500,36700,18600,
50250,30051,502501,502502,50249,50251,1618,8,6,1495,2000,1496,2000,1497,2000,1498,2000,1499,2000,,,4,50253,3,2500,37100,18800,
50251,30051,502511,502512,50250,50252,1943,9,6,1501,2000,1502,2000,1503,2000,1504,2000,1505,2000,,,4,50254,3,2500,37100,18800,
50252,30052,502521,502522,50251,50253,1395,7,5,1507,2000,1508,2000,1509,2000,1510,2000,1511,2000,,,4,50255,3,2500,37100,18800,
50253,30052,502531,502532,50252,50254,1364,7,6,1513,2000,1514,2000,1515,2000,1516,2000,1517,2000,,,4,50256,3,2500,37100,18800,
50254,30052,502541,502542,50253,50255,1515,7,6,1519,2000,1520,2000,1521,2000,1522,2000,1523,2000,,,4,50257,3,2500,37100,18800,
50255,30052,502551,502552,50254,50256,1587,8,6,1525,2000,1526,2000,1527,2000,1528,2000,1529,2000,,,4,50258,3,2500,37500,19000,
50256,30052,502561,502562,50255,50257,1979,9,6,1531,2000,1532,2000,1533,2000,1534,2000,1535,2000,,,4,50259,3,2500,37500,19000,
50257,30053,502571,502572,50256,50258,1370,7,5,1537,2000,1538,2000,1539,2000,1540,2000,1541,2000,,,4,50260,3,2500,37500,19000,
50258,30053,502581,502582,50257,50259,1489,7,5,1543,2000,1544,2000,1545,2000,1546,2000,1547,2000,,,4,50261,3,2500,37500,19000,
50259,30053,502591,502592,50258,50260,1530,7,6,1549,2000,1550,2000,1551,2000,1552,2000,1553,2000,,,4,50262,3,2500,37900,19200,
50260,30053,502601,502602,50259,50261,1608,8,6,1555,2000,1556,2000,1557,2000,1558,2000,1559,2000,,,4,50263,3,2500,37900,19200,
50261,30053,502611,502612,50260,50262,1881,9,6,1561,2000,1562,2000,1563,2000,1564,2000,1565,2000,,,4,50264,3,2500,37900,19200,
50262,30054,502621,502622,50261,50263,1475,7,5,1567,2000,1568,2000,1569,2000,1570,2000,1571,2000,,,4,50265,3,2500,37900,19200,
50263,30054,502631,502632,50262,50264,1413,7,5,1573,2000,1574,2000,1575,2000,1576,2000,1577,2000,,,4,50266,3,2500,37900,19200,
50264,30054,502641,502642,50263,50265,1650,8,6,1579,2000,1580,2000,1581,2000,1582,2000,1583,2000,,,4,50267,3,2500,38300,19400,
50265,30054,502651,502652,50264,50266,1690,9,6,1585,2000,1586,2000,1587,2000,1588,2000,1589,2000,,,4,50268,3,2500,38300,19400,
50266,30054,502661,502662,50265,50267,1907,9,6,1591,2000,1592,2000,1593,2000,1594,2000,1595,2000,,,4,50269,3,2500,38300,19400,
50267,30055,502671,502672,50266,50268,1577,7,5,1597,2000,1598,2000,1599,2000,1600,2000,1601,2000,,,4,50270,3,2500,38300,19400,
50268,30055,502681,502682,50267,50269,1591,7,6,1603,2000,1604,2000,1605,2000,1606,2000,1607,2000,,,4,50271,3,2500,38300,19400,
50269,30055,502691,502692,50268,50270,1646,8,6,1609,2000,1610,2000,1611,2000,1612,2000,1613,2000,,,4,50272,3,2500,38700,19600,
50270,30055,502701,502702,50269,50271,1731,8,6,1615,2000,1616,2000,1617,2000,1618,2000,1619,2000,,,4,50273,3,2500,38700,19600,
50271,30055,502711,502712,50270,50272,1999,9,6,1621,2000,1622,2000,1623,2000,1624,2000,1625,2000,,,4,50274,3,2500,39100,19800,
50272,30056,502721,502722,50271,50273,1276,7,6,1627,2000,1628,2000,1629,2000,1630,2000,1631,2000,,,4,50275,3,2500,38700,19600,
50273,30056,502731,502732,50272,50274,1609,7,6,1633,2000,1634,2000,1635,2000,1636,2000,1637,2000,,,4,50276,3,2500,38700,19600,
50274,30056,502741,502742,50273,50275,1722,8,6,1639,2000,1640,2000,1641,2000,1642,2000,1643,2000,,,4,50277,3,2500,39100,19800,
50275,30056,502751,502752,50274,50276,1836,9,6,1645,2000,1646,2000,1647,2000,1648,2000,1649,2000,,,4,50278,3,2500,39100,19800,
50276,30056,502761,502762,50275,50277,2077,10,6,1651,2000,1652,2000,1653,2000,1654,2000,1655,2000,,,4,50279,3,2500,39500,20000,
50277,30056,502771,502772,50276,50278,2559,11,6,1657,2000,1658,2000,1659,2000,1660,2000,1661,2000,,,4,50280,3,2500,40300,20400,
50278,30057,502781,502782,50277,50279,1341,6,5,1663,2000,1664,2000,1665,2000,1666,2000,1667,2000,,,4,50281,3,2500,38300,19400,
50279,30057,502791,502792,50278,50280,1449,6,6,1669,2000,1670,2000,1671,2000,1672,2000,1673,2000,,,4,50282,3,2500,38300,19400,
50280,30057,502801,502802,50279,50281,1742,7,6,1675,2000,1676,2000,1677,2000,1678,2000,1679,2000,,,4,50283,3,2500,38300,19400,
50281,30057,502811,502812,50280,50282,1766,8,6,1681,2000,1682,2000,1683,2000,1684,2000,1685,2000,,,4,50284,3,2500,38700,19600,
50282,30057,502821,502822,50281,50283,1787,9,6,1687,2000,1688,2000,1689,2000,1690,2000,1691,2000,,,4,50285,3,2500,38700,19600,
50283,30058,502831,502832,50282,50284,1357,7,5,1693,2000,1694,2000,1695,2000,1696,2000,1697,2000,,,4,50286,3,2500,38700,19600,
50284,30058,502841,502842,50283,50285,1576,7,6,1699,2000,1700,2000,1701,2000,1702,2000,1703,2000,,,4,50287,3,2500,38700,19600,
50285,30058,502851,502852,50284,50286,1696,7,6,1705,2000,1706,2000,1707,2000,1708,2000,1709,2000,,,4,50288,3,2500,38700,19600,
50286,30058,502861,502862,50285,50287,1700,8,6,1711,2000,1712,2000,1713,2000,1714,2000,1715,2000,,,4,50289,3,2500,39100,19800,
50287,30058,502871,502872,50286,50288,1997,9,6,1717,2000,1718,2000,1719,2000,1720,2000,1721,2000,,,4,50290,3,2500,39100,19800,
50288,30059,502881,502882,50287,50289,1449,7,5,1723,2000,1724,2000,1725,2000,1726,2000,1727,2000,,,4,50291,3,2500,39100,19800,
50289,30059,502891,502892,50288,50290,1486,7,6,1729,2000,1730,2000,1731,2000,1732,2000,1733,2000,,,4,50292,3,2500,39100,19800,
50290,30059,502901,502902,50289,50291,1619,7,6,1735,2000,1736,2000,1737,2000,1738,2000,1739,2000,,,4,50293,3,2500,39100,19800,
50291,30059,502911,502912,50290,50292,1782,8,6,1741,2000,1742,2000,1743,2000,1744,2000,1745,2000,,,4,50294,3,2500,39500,20000,
50292,30059,502921,502922,50291,50293,2104,9,6,1747,2000,1748,2000,1749,2000,1750,2000,1751,2000,,,4,50295,3,2500,39500,20000,
50293,30060,502931,502932,50292,50294,1403,7,5,1753,2000,1754,2000,1755,2000,1756,2000,1757,2000,,,4,50296,3,2500,39500,20000,
50294,30060,502941,502942,50293,50295,1504,7,6,1759,2000,1760,2000,1761,2000,1762,2000,1763,2000,,,4,50297,3,2500,39500,20000,
50295,30060,502951,502952,50294,50296,1572,8,6,1765,2000,1766,2000,1767,2000,1768,2000,1769,2000,,,4,50298,3,2500,39900,20200,
50296,30060,502961,502962,50295,50297,1771,8,6,1771,2000,1772,2000,1773,2000,1774,2000,1775,2000,,,4,50299,3,2500,39900,20200,
50297,30060,502971,502972,50296,50298,1881,9,6,1777,2000,1778,2000,1779,2000,1780,2000,1781,2000,,,4,50300,3,2500,39900,20200,
50298,30061,502981,502982,50297,50299,1493,7,5,1783,2000,1784,2000,1785,2000,1786,2000,1787,2000,,,4,50301,3,2500,39900,20200,
50299,30061,502991,502992,50298,50300,1420,7,5,1789,2000,1790,2000,1791,2000,1792,2000,1793,2000,,,4,50302,3,2500,39900,20200,
50300,30061,503001,503002,50299,50301,1663,8,6,1795,2000,1796,2000,1797,2000,1798,2000,1799,2000,,,4,50303,3,2500,40300,20400,
50301,30061,503011,503012,50300,50302,1707,9,6,1801,2000,1802,2000,1803,2000,1804,2000,1805,2000,,,4,50304,3,2500,40300,20400,
50302,30061,503021,503022,50301,50303,1930,9,6,1807,2000,1808,2000,1809,2000,1810,2000,1811,2000,,,4,50305,3,2500,40300,20400,
50303,30062,503031,503032,50302,50304,1710,7,5,1813,2000,1814,2000,1815,2000,1816,2000,1817,2000,,,4,50306,3,2500,40300,20400,
50304,30062,503041,503042,50303,50305,1595,7,6,1819,2000,1820,2000,1821,2000,1822,2000,1823,2000,,,4,50307,3,2500,40300,20400,
50305,30062,503051,503052,50304,50306,1748,8,6,1825,2000,1826,2000,1827,2000,1828,2000,1829,2000,,,4,50308,3,2500,40700,20600,
50306,30062,503061,503062,50305,50307,1754,9,6,1831,2000,1832,2000,1833,2000,1834,2000,1835,2000,,,4,50309,3,2500,40700,20600,
50307,30062,503071,503072,50306,50308,2175,9,6,1837,2000,1838,2000,1839,2000,1840,2000,1841,2000,,,4,50310,3,2500,41100,20800,
50308,30062,503081,503082,50307,50309,2300,9,6,1843,2000,1844,2000,1845,2000,1846,2000,1847,2000,,,4,50311,3,2500,40700,20600,
50309,30063,503091,503092,50308,50310,1810,7,6,1849,2000,1850,2000,1851,2000,1852,2000,1853,2000,,,4,50312,3,2500,40700,20600,
50310,30063,503101,503102,50309,50311,1888,7,6,1855,2000,1856,2000,1857,2000,1858,2000,1859,2000,,,4,50313,3,2500,41100,20800,
50311,30063,503111,503112,50310,50312,2036,8,6,1861,2000,1862,2000,1863,2000,1864,2000,1865,2000,,,4,50314,3,2500,41100,20800,
50312,30063,503121,503122,50311,50313,2129,9,6,1867,2000,1868,2000,1869,2000,1870,2000,1871,2000,,,4,50315,3,2500,41500,21000,
50313,30063,503131,503132,50312,50314,2306,10,6,1873,2000,1874,2000,1875,2000,1876,2000,1877,2000,,,4,50316,3,2500,41500,21000,
50314,30063,503141,503142,50313,50315,2500,11,7,1879,2000,1880,2000,1881,2000,1882,2000,1883,2000,,,4,50317,3,2500,42300,21400,
50315,30064,503151,503152,50314,50316,1470,6,5,1885,2000,1886,2000,1887,2000,1888,2000,1889,2000,,,4,50318,4,2500,40300,20400,
50316,30064,503161,503162,50315,50317,1606,7,6,1891,2000,1892,2000,1893,2000,1894,2000,1895,2000,,,4,50319,4,2500,40300,20400,
50317,30064,503171,503172,50316,50318,1919,8,6,1897,2000,1898,2000,1899,2000,1900,2000,1901,2000,,,4,50320,4,2500,40700,20600,
50318,30064,503181,503182,50317,50319,1908,8,6,1903,2000,1904,2000,1905,2000,1906,2000,1907,2000,,,4,50321,4,2500,40700,20600,
50319,30064,503191,503192,50318,50320,1999,9,6,1909,2000,1910,2000,1911,2000,1912,2000,1913,2000,,,4,50322,4,2500,40700,20600,
50320,30065,503201,503202,50319,50321,1465,7,5,1915,2000,1916,2000,1917,2000,1918,2000,1919,2000,,,4,50323,4,2500,40700,20600,
50321,30065,503211,503212,50320,50322,1723,7,6,1921,2000,1922,2000,1923,2000,1924,2000,1925,2000,,,4,50324,4,2500,40700,20600,
50322,30065,503221,503222,50321,50323,1704,7,6,1927,2000,1928,2000,1929,2000,1930,2000,1931,2000,,,4,50325,4,2500,41100,20800,
50323,30065,503231,503232,50322,50324,1780,8,6,1933,2000,1934,2000,1935,2000,1936,2000,1937,2000,,,4,50326,4,2500,41100,20800,
50324,30065,503241,503242,50323,50325,2092,9,6,1939,2000,1940,2000,1941,2000,1942,2000,1943,2000,,,4,50327,4,2500,41100,20800,
50325,30066,503251,503252,50324,50326,1518,7,5,1945,2000,1946,2000,1947,2000,1948,2000,1949,2000,,,4,50328,4,2500,41100,20800,
50326,30066,503261,503262,50325,50327,1549,7,6,1951,2000,1952,2000,1953,2000,1954,2000,1955,2000,,,4,50329,4,2500,41100,20800,
50327,30066,503271,503272,50326,50328,1764,8,6,1957,2000,1958,2000,1959,2000,1960,2000,1961,2000,,,4,50330,4,2500,41500,21000,
50328,30066,503281,503282,50327,50329,1880,8,6,1963,2000,1964,2000,1965,2000,1966,2000,1967,2000,,,4,50331,4,2500,41500,21000,
50329,30066,503291,503292,50328,50330,2185,9,6,1969,2000,1970,2000,1971,2000,1972,2000,1973,2000,,,4,50332,4,2500,41500,21000,
50330,30067,503301,503302,50329,50331,1477,7,5,1975,2000,1976,2000,1977,2000,1978,2000,1979,2000,,,4,50333,4,2500,41500,21000,
50331,30067,503311,503312,50330,50332,1525,7,6,1981,2000,1982,2000,1983,2000,1984,2000,1985,2000,,,4,50334,4,2500,41900,21200,
50332,30067,503321,503322,50331,50333,1615,7,6,1987,2000,1988,2000,1989,2000,1990,2000,1991,2000,,,4,50335,4,2500,41900,21200,
50333,30067,503331,503332,50332,50334,1976,9,6,1993,2000,1994,2000,1995,2000,1996,2000,1997,2000,,,4,50336,4,2500,41900,21200,
50334,30067,503341,503342,50333,50335,2000,9,6,1999,2000,2000,2000,2001,2000,2002,2000,2003,2000,,,4,50337,4,2500,41900,21200,
50335,30068,503351,503352,50334,50336,1562,7,5,2005,2000,2006,2000,2007,2000,2008,2000,2009,2000,,,4,50338,4,2500,41900,21200,
50336,30068,503361,503362,50335,50337,1516,7,6,2011,2000,2012,2000,2013,2000,2014,2000,2015,2000,,,4,50339,4,2500,42300,21400,
50337,30068,503371,503372,50336,50338,1766,8,6,2017,2000,2018,2000,2019,2000,2020,2000,2021,2000,,,4,50340,4,2500,42300,21400,
50338,30068,503381,503382,50337,50339,1731,9,6,2023,2000,2024,2000,2025,2000,2026,2000,2027,2000,,,4,50341,4,2500,42300,21400,
50339,30068,503391,503392,50338,50340,2146,9,6,2029,2000,2030,2000,2031,2000,2032,2000,2033,2000,,,4,50342,4,2500,42300,21400,
50340,30069,503401,503402,50339,50341,1888,8,5,2035,2000,2036,2000,2037,2000,2038,2000,2039,2000,,,4,50343,4,2500,42300,21400,
50341,30069,503411,503412,50340,50342,1629,7,6,2041,2000,2042,2000,2043,2000,2044,2000,2045,2000,,,4,50344,4,2500,42700,21600,
50342,30069,503421,503422,50341,50343,1776,8,6,2047,2000,2048,2000,2049,2000,2050,2000,2051,2000,,,4,50345,4,2500,42700,21600,
50343,30069,503431,503432,50342,50344,1959,8,6,2053,2000,2054,2000,2055,2000,2056,2000,2057,2000,,,4,50346,4,2500,43100,21800,
50344,30069,503441,503442,50343,50345,2284,10,6,2059,2000,2060,2000,2061,2000,2062,2000,2063,2000,,,4,50347,4,2500,42700,21600,
50345,30069,503451,503452,50344,50346,2559,10,6,2065,2000,2066,2000,2067,2000,2068,2000,2069,2000,,,4,50348,4,2500,42700,21600,
50346,30070,503461,503462,50345,50347,2011,8,6,2071,2000,2072,2000,2073,2000,2074,2000,2075,2000,,,4,50349,4,2500,43100,21800,
50347,30070,503471,503472,50346,50348,2010,8,6,2077,2000,2078,2000,2079,2000,2080,2000,2081,2000,,,4,50350,4,2500,43100,21800,
50348,30070,503481,503482,50347,50349,2266,9,6,2083,2000,2084,2000,2085,2000,2086,2000,2087,2000,,,4,50351,4,2500,43500,22000,
50349,30070,503491,503492,50348,50350,2262,9,6,2089,2000,2090,2000,2091,2000,2092,2000,2093,2000,,,4,50352,4,2500,43500,22000,
50350,30070,503501,503502,50349,50351,2565,10,6,2095,2000,2096,2000,2097,2000,2098,2000,2099,2000,,,4,50353,4,2500,43500,22000,
50351,30070,503511,503512,50350,50352,2529,10,7,2101,2000,2102,2000,2103,2000,2104,2000,2105,2000,,,4,50354,4,2500,44300,22400,
50352,30071,503521,503522,50351,50353,1498,7,5,2107,2000,2108,2000,2109,2000,2110,2000,2111,2000,,,4,50355,4,2500,42300,21400,
50353,30071,503531,503532,50352,50354,1644,7,6,2113,2000,2114,2000,2115,2000,2116,2000,2117,2000,,,4,50356,4,2500,42300,21400,
50354,30071,503541,503542,50353,50355,2054,8,6,2119,2000,2120,2000,2121,2000,2122,2000,2123,2000,,,4,50357,4,2500,42700,21600,
50355,30071,503551,503552,50354,50356,1930,8,6,2125,2000,2126,2000,2127,2000,2128,2000,2129,2000,,,4,50358,4,2500,42700,21600,
50356,30071,503561,503562,50355,50357,2008,8,6,2131,2000,2132,2000,2133,2000,2134,2000,2135,2000,,,4,50359,4,2500,42700,21600,
50357,30072,503571,503572,50356,50358,1561,7,5,2137,2000,2138,2000,2139,2000,2140,2000,2141,2000,,,4,50360,4,2500,42700,21600,
50358,30072,503581,503582,50357,50359,1759,8,6,2143,2000,2144,2000,2145,2000,2146,2000,2147,2000,,,4,50361,4,2500,42700,21600,
50359,30072,503591,503592,50358,50360,1791,8,6,2149,2000,2150,2000,2151,2000,2152,2000,2153,2000,,,4,50362,4,2500,43100,21800,
50360,30072,503601,503602,50359,50361,1852,8,6,2155,2000,2156,2000,2157,2000,2158,2000,2159,2000,,,4,50363,4,2500,43100,21800,
50361,30072,503611,503612,50360,50362,2220,8,6,2161,2000,2162,2000,2163,2000,2164,2000,2165,2000,,,4,50364,4,2500,43100,21800,
50362,30073,503621,503622,50361,50363,1548,7,5,2167,2000,2168,2000,2169,2000,2170,2000,2171,2000,,,4,50365,4,2500,43100,21800,
50363,30073,503631,503632,50362,50364,1671,7,6,2173,2000,2174,2000,2175,2000,2176,2000,2177,2000,,,4,50366,4,2500,43100,21800,
50364,30073,503641,503642,50363,50365,1820,8,6,2179,2000,2180,2000,2181,2000,2182,2000,2183,2000,,,4,50367,4,2500,43500,22000,
50365,30073,503651,503652,50364,50366,1886,8,6,2185,2000,2186,2000,2187,2000,2188,2000,2189,2000,,,4,50368,4,2500,43500,22000,
50366,30073,503661,503662,50365,50367,2186,9,6,2191,2000,2192,2000,2193,2000,2194,2000,2195,2000,,,4,50369,4,2500,43500,22000,
50367,30074,503671,503672,50366,50368,1483,7,5,2197,2000,2198,2000,2199,2000,2200,2000,2201,2000,,,4,50370,4,2500,43500,22000,
50368,30074,503681,503682,50367,50369,1555,7,6,2203,2000,2204,2000,2205,2000,2206,2000,2207,2000,,,4,50371,4,2500,43900,22200,
50369,30074,503691,503692,50368,50370,1680,8,6,2209,2000,2210,2000,2211,2000,2212,2000,2213,2000,,,4,50372,4,2500,43900,22200,
50370,30074,503701,503702,50369,50371,1989,9,6,2215,2000,2216,2000,2217,2000,2218,2000,2219,2000,,,4,50373,4,2500,43900,22200,
50371,30074,503711,503712,50370,50372,2146,9,6,2221,2000,2222,2000,2223,2000,2224,2000,2225,2000,,,4,50374,4,2500,43900,22200,
50372,30075,503721,503722,50371,50373,1562,7,5,2227,2000,2228,2000,2229,2000,2230,2000,2231,2000,,,4,50375,4,2500,43900,22200,
50373,30075,503731,503732,50372,50374,1621,7,6,2233,2000,2234,2000,2235,2000,2236,2000,2237,2000,,,4,50376,4,2500,44300,22400,
50374,30075,503741,503742,50373,50375,1851,8,6,2239,2000,2240,2000,2241,2000,2242,2000,2243,2000,,,4,50377,4,2500,44300,22400,
50375,30075,503751,503752,50374,50376,1802,9,6,2245,2000,2246,2000,2247,2000,2248,2000,2249,2000,,,4,50378,4,2500,44300,22400,
50376,30075,503761,503762,50375,50377,2209,9,6,2251,2000,2252,2000,2253,2000,2254,2000,2255,2000,,,4,50379,4,2500,44300,22400,
50377,30076,503771,503772,50376,50378,1921,8,6,2257,2000,2258,2000,2259,2000,2260,2000,2261,2000,,,4,50380,4,2500,44300,22400,
50378,30076,503781,503782,50377,50379,1662,7,6,2263,2000,2264,2000,2265,2000,2266,2000,2267,2000,,,4,50381,4,2500,44700,22600,
50379,30076,503791,503792,50378,50380,1790,8,6,2269,2000,2270,2000,2271,2000,2272,2000,2273,2000,,,4,50382,4,2500,44700,22600,
50380,30076,503801,503802,50379,50381,2057,9,6,2275,2000,2276,2000,2277,2000,2278,2000,2279,2000,,,4,50383,4,2500,45100,22800,
50381,30076,503811,503812,50380,50382,2446,10,7,2281,2000,2282,2000,2283,2000,2284,2000,2285,2000,,,4,50384,4,2500,44700,22600,
50382,30076,503821,503822,50381,50383,2742,10,7,2287,2000,2288,2000,2289,2000,2290,2000,2291,2000,,,4,50385,4,2500,44700,22600,
50383,30077,503831,503832,50382,50384,2099,8,6,2293,2000,2294,2000,2295,2000,2296,2000,2297,2000,,,4,50386,4,2500,45100,22800,
50384,30077,503841,503842,50383,50385,2043,8,6,2299,2000,2300,2000,2301,2000,2302,2000,2303,2000,,,4,50387,4,2500,45100,22800,
50385,30077,503851,503852,50384,50386,2421,9,6,2305,2000,2306,2000,2307,2000,2308,2000,2309,2000,,,4,50388,4,2500,45500,23000,
50386,30077,503861,503862,50385,50387,2358,9,6,2311,2000,2312,2000,2313,2000,2314,2000,2315,2000,,,4,50389,4,2500,45500,23000,
50387,30077,503871,503872,50386,50388,2753,10,6,2317,2000,2318,2000,2319,2000,2320,2000,2321,2000,,,4,50390,4,2500,45500,23000,
50388,30077,503881,503882,50387,50389,2725,10,7,2323,2000,2324,2000,2325,2000,2326,2000,2327,2000,,,4,50391,4,2500,46300,23400,
50389,30078,503891,503892,50388,50390,1556,7,5,2329,2000,2330,2000,2331,2000,2332,2000,2333,2000,,,4,50392,4,2500,44300,22400,
50390,30078,503901,503902,50389,50391,1754,8,6,2335,2000,2336,2000,2337,2000,2338,2000,2339,2000,,,4,50393,4,2500,44300,22400,
50391,30078,503911,503912,50390,50392,2119,9,6,2341,2000,2342,2000,2343,2000,2344,2000,2345,2000,,,4,50394,4,2500,44700,22600,
50392,30078,503921,503922,50391,50393,2062,8,6,2347,2000,2348,2000,2349,2000,2350,2000,2351,2000,,,4,50395,4,2500,44700,22600,
50393,30078,503931,503932,50392,50394,2081,9,6,2353,2000,2354,2000,2355,2000,2356,2000,2357,2000,,,4,50396,4,2500,44700,22600,
50394,30079,503941,503942,50393,50395,1677,7,6,2359,2000,2360,2000,2361,2000,2362,2000,2363,2000,,,4,50397,4,2500,44700,22600,
50395,30079,503951,503952,50394,50396,1853,8,6,2365,2000,2366,2000,2367,2000,2368,2000,2369,2000,,,4,50398,4,2500,44700,22600,
50396,30079,503961,503962,50395,50397,1838,8,6,2371,2000,2372,2000,2373,2000,2374,2000,2375,2000,,,4,50399,4,2500,45100,22800,
50397,30079,503971,503972,50396,50398,1900,8,6,2377,2000,2378,2000,2379,2000,2380,2000,2381,2000,,,4,50400,4,2500,45100,22800,
50398,30079,503981,503982,50397,50399,2250,8,6,2383,2000,2384,2000,2385,2000,2386,2000,2387,2000,,,4,50401,4,2500,45100,22800,
50399,30080,503991,503992,50398,50400,1677,7,6,2389,2000,2390,2000,2391,2000,2392,2000,2393,2000,,,4,50402,4,2500,45100,22800,
50400,30080,504001,504002,50399,50401,1676,7,6,2395,2000,2396,2000,2397,2000,2398,2000,2399,2000,,,4,50403,4,2500,45100,22800,
50401,30080,504011,504012,50400,50402,1848,8,6,2401,2000,2402,2000,2403,2000,2404,2000,2405,2000,,,4,50404,4,2500,45500,23000,
50402,30080,504021,504022,50401,50403,2009,9,6,2407,2000,2408,2000,2409,2000,2410,2000,2411,2000,,,4,50405,4,2500,45500,23000,
50403,30080,504031,504032,50402,50404,2198,9,6,2413,2000,2414,2000,2415,2000,2416,2000,2417,2000,,,4,50406,4,2500,45500,23000,
50404,30081,504041,504042,50403,50405,1548,7,6,2419,2000,2420,2000,2421,2000,2422,2000,2423,2000,,,4,50407,4,2500,45500,23000,
50405,30081,504051,504052,50404,50406,1669,7,6,2425,2000,2426,2000,2427,2000,2428,2000,2429,2000,,,4,50408,4,2500,45900,23200,
50406,30081,504061,504062,50405,50407,1710,8,6,2431,2000,2432,2000,2433,2000,2434,2000,2435,2000,,,4,50409,4,2500,45900,23200,
50407,30081,504071,504072,50406,50408,2065,9,6,2437,2000,2438,2000,2439,2000,2440,2000,2441,2000,,,4,50410,4,2500,45900,23200,
50408,30081,504081,504082,50407,50409,2257,10,7,2443,2000,2444,2000,2445,2000,2446,2000,2447,2000,,,4,50411,4,2500,45900,23200,
50409,30082,504091,504092,50408,50410,1591,7,6,2449,2000,2450,2000,2451,2000,2452,2000,2453,2000,,,4,50412,4,2500,45900,23200,
50410,30082,504101,504102,50409,50411,1729,7,6,2455,2000,2456,2000,2457,2000,2458,2000,2459,2000,,,4,50413,4,2500,46300,23400,
50411,30082,504111,504112,50410,50412,1865,8,6,2461,2000,2462,2000,2463,2000,2464,2000,2465,2000,,,4,50414,4,2500,46300,23400,
50412,30082,504121,504122,50411,50413,1912,9,6,2467,2000,2468,2000,2469,2000,2470,2000,2471,2000,,,4,50415,4,2500,46300,23400,
50413,30082,504131,504132,50412,50414,2304,9,7,2473,2000,2474,2000,2475,2000,2476,2000,2477,2000,,,4,50416,4,2500,46300,23400,
50414,30083,504141,504142,50413,50415,1977,8,6,2479,2000,2480,2000,2481,2000,2482,2000,2483,2000,,,4,50417,4,2500,46300,23400,
50415,30083,504151,504152,50414,50416,1798,7,6,2485,2000,2486,2000,2487,2000,2488,2000,2489,2000,,,4,50418,4,2500,46700,23600,
50416,30083,504161,504162,50415,50417,1803,8,6,2491,2000,2492,2000,2493,2000,2494,2000,2495,2000,,,4,50419,4,2500,46700,23600,
50417,30083,504171,504172,50416,50418,2147,9,6,2497,2000,2498,2000,2499,2000,2500,2000,2501,2000,,,4,50420,4,2500,47100,23800,
50418,30083,504181,504182,50417,50419,2537,10,6,2503,2000,2504,2000,2505,2000,2506,2000,2507,2000,,,4,50421,4,2500,46700,23600,
50419,30083,504191,504192,50418,50420,2951,11,7,2509,2000,2510,2000,2511,2000,2512,2000,2513,2000,,,4,50422,4,2500,46700,23600,
50420,30084,504201,504202,50419,50421,2109,8,6,2515,2000,2516,2000,2517,2000,2518,2000,2519,2000,,,4,50423,4,2500,47100,23800,
50421,30084,504211,504212,50420,50422,2167,8,6,2521,2000,2522,2000,2523,2000,2524,2000,2525,2000,,,4,50424,4,2500,47100,23800,
50422,30084,504221,504222,50421,50423,2583,9,6,2527,2000,2528,2000,2529,2000,2530,2000,2531,2000,,,4,50425,4,2500,47500,24000,
50423,30084,504231,504232,50422,50424,2394,9,6,2533,2000,2534,2000,2535,2000,2536,2000,2537,2000,,,4,50426,4,2500,47500,24000,
50424,30084,504241,504242,50423,50425,2878,10,6,2539,2000,2540,2000,2541,2000,2542,2000,2543,2000,,,4,50427,4,2500,47500,24000,
50425,30084,504251,504252,50424,50426,2777,10,7,2545,2000,2546,2000,2547,2000,2548,2000,2549,2000,,,4,50428,4,2500,47500,24000,
50426,30084,504261,504262,50425,50427,2862,11,7,2551,2000,2552,2000,2553,2000,2554,2000,2555,2000,,,4,50429,4,2500,48300,24400,
50427,30085,504271,504272,50426,50428,1615,7,6,2557,2000,2558,2000,2559,2000,2560,2000,2561,2000,,,4,50430,4,2500,46300,23400,
50428,30085,504281,504282,50427,50429,1765,8,6,2563,2000,2564,2000,2565,2000,2566,2000,2567,2000,,,4,50431,4,2500,46300,23400,
50429,30085,504291,504292,50428,50430,1970,9,6,2569,2000,2570,2000,2571,2000,2572,2000,2573,2000,,,4,50432,4,2500,46700,23600,
50430,30085,504301,504302,50429,50431,1960,8,6,2575,2000,2576,2000,2577,2000,2578,2000,2579,2000,,,4,50433,4,2500,46700,23600,
50431,30085,504311,504312,50430,50432,2237,9,6,2581,2000,2582,2000,2583,2000,2584,2000,2585,2000,,,4,50434,4,2500,46700,23600,
50432,30086,504321,504322,50431,50433,2045,8,6,2587,2000,2588,2000,2589,2000,2590,2000,2591,2000,,,4,50435,4,2500,46700,23600,
50433,30086,504331,504332,50432,50434,2318,9,6,2593,2000,2594,2000,2595,2000,2596,2000,2597,2000,,,4,50436,4,2500,46700,23600,
50434,30086,504341,504342,50433,50435,2361,9,6,2599,2000,2600,2000,2601,2000,2602,2000,2603,2000,,,4,50437,4,2500,47100,23800,
50435,30086,504351,504352,50434,50436,2024,8,6,2605,2000,2606,2000,2607,2000,2608,2000,2609,2000,,,4,50438,4,2500,47100,23800,
50436,30086,504361,504362,50435,50437,2405,9,7,2611,2000,2612,2000,2613,2000,2614,2000,2615,2000,,,4,50439,4,2500,47100,23800,
50437,30087,504371,504372,50436,50438,1778,7,6,2617,2000,2618,2000,2619,2000,2620,2000,2621,2000,,,4,50440,4,2500,47100,23800,
50438,30087,504381,504382,50437,50439,1593,7,6,2623,2000,2624,2000,2625,2000,2626,2000,2627,2000,,,4,50441,4,2500,47100,23800,
50439,30087,504391,504392,50438,50440,2100,8,6,2629,2000,2630,2000,2631,2000,2632,2000,2633,2000,,,4,50442,4,2500,47500,24000,
50440,30087,504401,504402,50439,50441,2451,9,6,2635,2000,2636,2000,2637,2000,2638,2000,2639,2000,,,4,50443,4,2500,47500,24000,
50441,30087,504411,504412,50440,50442,2267,9,7,2641,2000,2642,2000,2643,2000,2644,2000,2645,2000,,,4,50444,4,2500,47500,24000,
50442,30088,504421,504422,50441,50443,1847,7,6,2647,2000,2648,2000,2649,2000,2650,2000,2651,2000,,,4,50445,4,2500,47500,24000,
50443,30088,504431,504432,50442,50444,2047,8,6,2653,2000,2654,2000,2655,2000,2656,2000,2657,2000,,,4,50446,4,2500,47900,24200,
50444,30088,504441,504442,50443,50445,2139,8,6,2659,2000,2660,2000,2661,2000,2662,2000,2663,2000,,,4,50447,4,2500,47900,24200,
50445,30088,504451,504452,50444,50446,2026,9,6,2665,2000,2666,2000,2667,2000,2668,2000,2669,2000,,,4,50448,4,2500,47900,24200,
50446,30088,504461,504462,50445,50447,2501,10,7,2671,2000,2672,2000,2673,2000,2674,2000,2675,2000,,,4,50449,4,2500,47900,24200,
50447,30089,504471,504472,50446,50448,2017,8,6,2677,2000,2678,2000,2679,2000,2680,2000,2681,2000,,,4,50450,4,2500,47900,24200,
50448,30089,504481,504482,50447,50449,1917,8,6,2683,2000,2684,2000,2685,2000,2686,2000,2687,2000,,,4,50451,4,2500,48300,24400,
50449,30089,504491,504492,50448,50450,1906,8,6,2689,2000,2690,2000,2691,2000,2692,2000,2693,2000,,,4,50452,4,2500,48300,24400,
50450,30089,504501,504502,50449,50451,2257,9,7,2695,2000,2696,2000,2697,2000,2698,2000,2699,2000,,,4,50453,4,2500,48300,24400,
50451,30089,504511,504512,50450,50452,2403,9,7,2701,2000,2702,2000,2703,2000,2704,2000,2705,2000,,,4,50454,4,2500,48300,24400,
50452,30090,504521,504522,50451,50453,1838,8,6,2707,2000,2708,2000,2709,2000,2710,2000,2711,2000,,,4,50455,4,2500,48300,24400,
50453,30090,504531,504532,50452,50454,2087,8,6,2713,2000,2714,2000,2715,2000,2716,2000,2717,2000,,,4,50456,4,2500,48700,24600,
50454,30090,504541,504542,50453,50455,1841,8,6,2719,2000,2720,2000,2721,2000,2722,2000,2723,2000,,,4,50457,4,2500,48700,24600,
50455,30090,504551,504552,50454,50456,2116,9,6,2725,2000,2726,2000,2727,2000,2728,2000,2729,2000,,,4,50458,4,2500,49100,24800,
50456,30090,504561,504562,50455,50457,2814,10,7,2731,2000,2732,2000,2733,2000,2734,2000,2735,2000,,,4,50459,4,2500,48700,24600,
50457,30090,504571,504572,50456,50458,3262,11,7,2737,2000,2738,2000,2739,2000,2740,2000,2741,2000,,,4,50460,4,2500,48700,24600,
50458,30091,504581,504582,50457,50459,2218,8,6,2743,2000,2744,2000,2745,2000,2746,2000,2747,2000,,,4,50461,4,2500,49100,24800,
50459,30091,504591,504592,50458,50460,2354,8,6,2749,2000,2750,2000,2751,2000,2752,2000,2753,2000,,,4,50462,4,2500,49100,24800,
50460,30091,504601,504602,50459,50461,2986,10,6,2755,2000,2756,2000,2757,2000,2758,2000,2759,2000,,,4,50463,4,2500,49500,25000,
50461,30091,504611,504612,50460,50462,3000,10,6,2761,2000,2762,2000,2763,2000,2764,2000,2765,2000,,,4,50464,4,2500,49500,25000,
50462,30091,504621,504622,50461,50463,3011,10,7,2767,2000,2768,2000,2769,2000,2770,2000,2771,2000,,,4,50465,4,2500,49500,25000,
50463,30091,504631,504632,50462,50464,3029,10,7,2773,2000,2774,2000,2775,2000,2776,2000,2777,2000,,,4,50466,4,2500,49500,25000,
50464,30091,504641,504642,50463,,3353,11,7,2779,2000,2780,2000,2781,2000,2782,2000,2783,2000,,,4,50467,4,2500,50300,25400,
51001,31001,510011,510012,,,1000,15,5,10001,2000,10002,2000,10003,2000,10004,2000,10005,2000,,,0,10006,0,0,0,0,
51002,31002,510021,510022,,,1000,15,5,10007,3000,10009,1000,10010,3000,10011,3000,,,,,0,10008,0,0,0,0,
51003,31003,510031,510032,,,1000,15,5,10012,3000,10014,1000,10015,3000,10016,3000,,,,,0,10013,0,0,0,0,
51004,31004,510041,510042,,51005,1000,10,5,11000,1666,11001,1666,11002,1667,11003,1667,11004,1667,11005,1667,0,11000,0,0,40000,20000,
51005,31004,510051,510052,51004,51006,2000,20,5,11006,1666,11007,1666,11008,1667,11009,1667,11010,1667,11011,1667,0,11006,0,0,60000,30000,
51006,31004,510061,510062,51005,,3000,30,5,11012,1666,11013,1666,11014,1667,11015,1667,11016,1667,11017,1667,0,11012,0,0,80000,40000,
52001,30000,520011,520012,,52002,25,3,3,1,2000,2,2000,3,2000,4,2000,5,2000,,,4,50001,1,10000,1200,900,
52002,30000,520021,520022,52001,52003,30,3,3,7,2000,8,2000,9,2000,10,2000,11,2000,,,4,50002,1,10000,1200,900,
52003,30000,520031,520032,52002,50001,35,3,3,13,2000,14,2000,15,2000,16,2000,17,2000,,,4,50003,1,10000,1900,1200,
