FIELD_ID,ITEM_TYPEID,DROP_RATE,DROP_MIN,DROP_MAX,
52001,41201,10000,2,8,
52002,41201,10000,2,8,
52003,41201,10000,2,8,
50001,41201,10000,2,8,
50002,41201,10000,2,8,
50003,41201,10000,2,8,
50004,41201,10000,2,8,
50005,41201,10000,2,8,
50006,41201,10000,2,8,
50007,41201,10000,2,8,
50008,41201,10000,2,8,
50009,41201,10000,2,8,
50010,41201,10000,2,8,
50011,41201,10000,2,8,
50012,41201,10000,2,8,
50013,41201,10000,2,8,
50014,41201,10000,2,8,
50015,41201,10000,2,8,
50016,41201,10000,2,8,
50017,41201,10000,2,8,
50018,41201,10000,2,8,
50019,41201,10000,2,8,
50020,41201,10000,2,8,
50021,41201,10000,2,8,
50022,41201,10000,2,8,
50023,41201,10000,2,8,
50024,41201,10000,2,8,
50025,41201,10000,2,8,
50026,41201,10000,2,8,
50027,41201,10000,2,8,
50028,41201,10000,2,8,
50029,41201,10000,2,8,
50030,41201,10000,2,8,
50031,41201,10000,2,8,
50032,41201,10000,2,8,
50033,41201,10000,2,8,
50034,41201,10000,2,8,
50035,41201,10000,2,8,
50036,41201,10000,2,8,
50037,41201,10000,2,8,
50038,41201,10000,2,8,
50039,41201,10000,2,8,
50040,41201,10000,2,8,
50041,41201,10000,2,8,
50042,41201,10000,2,8,
50043,41201,10000,2,8,
50044,41201,10000,2,8,
50045,41201,10000,2,8,
50046,41201,10000,2,8,
50047,41201,10000,2,8,
50048,41201,10000,2,8,
50049,41201,10000,2,8,
50050,41201,10000,2,8,
50051,41201,10000,2,8,
50052,41201,10000,2,8,
50053,41201,10000,2,8,
50054,41201,10000,2,8,
50055,41201,10000,2,8,
50056,41201,10000,2,8,
50057,41201,10000,2,8,
50058,41201,10000,2,8,
50059,41201,10000,2,8,
50060,41201,10000,2,8,
50061,41201,10000,2,8,
50062,41201,10000,2,8,
50063,41201,10000,2,8,
50064,41201,10000,2,8,
50065,41202,10000,2,8,
50066,41202,10000,2,8,
50067,41202,10000,2,8,
50068,41202,10000,2,8,
50069,41202,10000,2,8,
50070,41202,10000,2,8,
50071,41202,10000,2,8,
50072,41202,10000,2,8,
50073,41202,10000,2,8,
50074,41202,10000,2,8,
50075,41202,10000,2,8,
50076,41202,10000,2,8,
50077,41202,10000,2,8,
50078,41202,10000,2,8,
50079,41202,10000,2,8,
50080,41202,10000,2,8,
50081,41202,10000,2,8,
50082,41202,10000,2,8,
50083,41202,10000,2,8,
50084,41202,10000,2,8,
50085,41202,10000,2,8,
50086,41202,10000,2,8,
50087,41202,10000,2,8,
50088,41202,10000,2,8,
50089,41202,10000,2,8,
50090,41202,10000,2,8,
50091,41202,10000,2,8,
50092,41202,10000,2,8,
50093,41202,10000,2,8,
50094,41202,10000,2,8,
50095,41202,10000,2,8,
50096,41202,10000,2,8,
50097,41202,10000,2,8,
50098,41202,10000,2,8,
50099,41202,10000,2,8,
50100,41202,10000,2,8,
50101,41202,10000,2,8,
50102,41202,10000,2,8,
50103,41202,10000,2,8,
50104,41202,10000,2,8,
50105,41202,10000,2,8,
50106,41202,10000,2,8,
50107,41202,10000,2,8,
50108,41202,10000,2,8,
50109,41202,10000,2,8,
50110,41202,10000,2,8,
50111,41202,10000,2,8,
50112,41202,10000,2,8,
50113,41202,10000,2,8,
50114,41202,10000,2,8,
50115,41202,10000,2,8,
50116,41202,10000,2,8,
50117,41202,10000,2,8,
50118,41202,10000,2,8,
50119,41202,10000,2,8,
50120,41202,10000,2,8,
50121,41202,10000,2,8,
50122,41202,10000,2,8,
50123,41202,10000,2,8,
50124,41202,10000,2,8,
50125,41202,10000,2,8,
50126,41202,10000,2,8,
50127,41202,10000,2,8,
50128,41202,10000,2,8,
50129,41202,10000,2,8,
50130,41202,10000,2,8,
50131,41202,10000,2,8,
50132,41202,10000,2,8,
50133,41202,10000,2,8,
50134,41202,10000,2,8,
50135,41202,10000,2,8,
50136,41202,10000,2,8,
50137,41202,10000,2,8,
50138,41202,10000,2,8,
50139,41202,10000,2,8,
50140,41202,10000,2,8,
50141,41202,10000,2,8,
50142,41202,10000,2,8,
50143,41202,10000,2,8,
50144,41202,10000,2,8,
50145,41202,10000,2,8,
50146,41202,10000,2,8,
50147,41202,10000,2,8,
50148,41202,10000,2,8,
50149,41202,10000,2,8,
50150,41202,10000,2,8,
50151,41202,10000,2,8,
50152,41202,10000,2,8,
50153,41202,10000,2,8,
50154,41202,10000,2,8,
50155,41202,10000,2,8,
50156,41202,10000,2,8,
50157,41202,10000,2,8,
50158,41202,10000,2,8,
50159,41202,10000,2,8,
50160,41202,10000,2,8,
50161,41202,10000,2,8,
50162,41202,10000,2,8,
50163,41202,10000,2,8,
50164,41202,10000,2,8,
50165,41202,10000,2,8,
50166,41202,10000,2,8,
50167,41202,10000,2,8,
50168,41202,10000,2,8,
50169,41202,10000,2,8,
50170,41202,10000,2,8,
50171,41202,10000,2,8,
50172,41202,10000,2,8,
50173,41203,10000,2,8,
50174,41203,10000,2,8,
50175,41203,10000,2,8,
50176,41203,10000,2,8,
50177,41203,10000,2,8,
50178,41203,10000,2,8,
50179,41203,10000,2,8,
50180,41203,10000,2,8,
50181,41203,10000,2,8,
50182,41203,10000,2,8,
50183,41203,10000,2,8,
50184,41203,10000,2,8,
50185,41203,10000,2,8,
50186,41203,10000,2,8,
50187,41203,10000,2,8,
50188,41203,10000,2,8,
50189,41203,10000,2,8,
50190,41203,10000,2,8,
50191,41203,10000,2,8,
50192,41203,10000,2,8,
50193,41203,10000,2,8,
50194,41203,10000,2,8,
50195,41203,10000,2,8,
50196,41203,10000,2,8,
50197,41203,10000,2,8,
50198,41203,10000,2,8,
50199,41203,10000,2,8,
50200,41203,10000,2,8,
50201,41203,10000,2,8,
50202,41203,10000,2,8,
50203,41203,10000,2,8,
50204,41203,10000,2,8,
50205,41203,10000,2,8,
50206,41203,10000,2,8,
50207,41203,10000,2,8,
50208,41203,10000,2,8,
50209,41203,10000,2,8,
50210,41203,10000,2,8,
50211,41203,10000,2,8,
50212,41203,10000,2,8,
50213,41203,10000,2,8,
50214,41203,10000,2,8,
50215,41203,10000,2,8,
50216,41203,10000,2,8,
50217,41203,10000,2,8,
50218,41203,10000,2,8,
50219,41203,10000,2,8,
50220,41203,10000,2,8,
50221,41203,10000,2,8,
50222,41203,10000,2,8,
50223,41203,10000,2,8,
50224,41203,10000,2,8,
50225,41203,10000,2,8,
50226,41203,10000,2,8,
50227,41203,10000,2,8,
50228,41203,10000,2,8,
50229,41203,10000,2,8,
50230,41203,10000,2,8,
50231,41203,10000,2,8,
50232,41203,10000,2,8,
50233,41203,10000,2,8,
50234,41203,10000,2,8,
50235,41203,10000,2,8,
50236,41203,10000,2,8,
50237,41203,10000,2,8,
50238,41203,10000,2,8,
50239,41203,10000,2,8,
50240,41203,10000,2,8,
50241,41203,10000,2,8,
50242,41203,10000,2,8,
50243,41203,10000,2,8,
50244,41203,10000,2,8,
50245,41203,10000,2,8,
50246,41203,10000,2,8,
50247,41203,10000,2,8,
50248,41203,10000,2,8,
50249,41203,10000,2,8,
50250,41203,10000,2,8,
50251,41203,10000,2,8,
50252,41203,10000,2,8,
50253,41203,10000,2,8,
50254,41203,10000,2,8,
50255,41203,10000,2,8,
50256,41203,10000,2,8,
50257,41203,10000,2,8,
50258,41203,10000,2,8,
50259,41203,10000,2,8,
50260,41203,10000,2,8,
50261,41203,10000,2,8,
50262,41203,10000,2,8,
50263,41203,10000,2,8,
50264,41203,10000,2,8,
50265,41203,10000,2,8,
50266,41203,10000,2,8,
50267,41203,10000,2,8,
50268,41203,10000,2,8,
50269,41203,10000,2,8,
50270,41203,10000,2,8,
50271,41203,10000,2,8,
50272,41203,10000,2,8,
50273,41203,10000,2,8,
50274,41203,10000,2,8,
50275,41203,10000,2,8,
50276,41203,10000,2,8,
50277,41203,10000,2,8,
50278,41203,10000,2,8,
50279,41203,10000,2,8,
50280,41203,10000,2,8,
50281,41203,10000,2,8,
50282,41203,10000,2,8,
50283,41203,10000,2,8,
50284,41203,10000,2,8,
50285,41203,10000,2,8,
50286,41203,10000,2,8,
50287,41203,10000,2,8,
50288,41203,10000,2,8,
50289,41203,10000,2,8,
50290,41203,10000,2,8,
50291,41203,10000,2,8,
50292,41203,10000,2,8,
50293,41203,10000,2,8,
50294,41203,10000,2,8,
50295,41203,10000,2,8,
50296,41203,10000,2,8,
50297,41203,10000,2,8,
50298,41203,10000,2,8,
50299,41203,10000,2,8,
50300,41203,10000,2,8,
50301,41203,10000,2,8,
50302,41203,10000,2,8,
50303,41203,10000,2,8,
50304,41203,10000,2,8,
50305,41203,10000,2,8,
50306,41203,10000,2,8,
50307,41203,10000,2,8,
50308,41203,10000,2,8,
50309,41203,10000,2,8,
50310,41203,10000,2,8,
50311,41203,10000,2,8,
50312,41203,10000,2,8,
50313,41203,10000,2,8,
50314,41203,10000,2,8,
50315,41203,10000,2,8,
50316,41203,10000,2,8,
50317,41203,10000,2,8,
50318,41203,10000,2,8,
50319,41203,10000,2,8,
50320,41203,10000,2,8,
50321,41203,10000,2,8,
50322,41203,10000,2,8,
50323,41203,10000,2,8,
50324,41203,10000,2,8,
50325,41203,10000,2,8,
50326,41203,10000,2,8,
50327,41203,10000,2,8,
50328,41203,10000,2,8,
50329,41203,10000,2,8,
50330,41203,10000,2,8,
50331,41203,10000,2,8,
50332,41203,10000,2,8,
50333,41203,10000,2,8,
50334,41203,10000,2,8,
50335,41203,10000,2,8,
50336,41203,10000,2,8,
50337,41203,10000,2,8,
50338,41203,10000,2,8,
50339,41203,10000,2,8,
50340,41203,10000,2,8,
50341,41203,10000,2,8,
50342,41203,10000,2,8,
50343,41203,10000,2,8,
50344,41203,10000,2,8,
50345,41203,10000,2,8,
50346,41203,10000,2,8,
50347,41203,10000,2,8,
50348,41203,10000,2,8,
50349,41203,10000,2,8,
50350,41203,10000,2,8,
50351,41203,10000,2,8,
50352,41203,10000,2,8,
50353,41203,10000,2,8,
50354,41203,10000,2,8,
50355,41203,10000,2,8,
50356,41203,10000,2,8,
50357,41203,10000,2,8,
50358,41203,10000,2,8,
50359,41203,10000,2,8,
50360,41203,10000,2,8,
50361,41203,10000,2,8,
50362,41203,10000,2,8,
50363,41203,10000,2,8,
50364,41203,10000,2,8,
50365,41203,10000,2,8,
50366,41203,10000,2,8,
50367,41203,10000,2,8,
50368,41203,10000,2,8,
50369,41203,10000,2,8,
50370,41203,10000,2,8,
50371,41203,10000,2,8,
50372,41203,10000,2,8,
50373,41203,10000,2,8,
50374,41203,10000,2,8,
50375,41203,10000,2,8,
50376,41203,10000,2,8,
50377,41203,10000,2,8,
50378,41203,10000,2,8,
50379,41203,10000,2,8,
50380,41203,10000,2,8,
50381,41203,10000,2,8,
50382,41203,10000,2,8,
50383,41203,10000,2,8,
50384,41203,10000,2,8,
50385,41203,10000,2,8,
50386,41203,10000,2,8,
50387,41203,10000,2,8,
50388,41203,10000,2,8,
50389,41203,10000,2,8,
50390,41203,10000,2,8,
50391,41203,10000,2,8,
50392,41203,10000,2,8,
50393,41203,10000,2,8,
50394,41203,10000,2,8,
50395,41203,10000,2,8,
50396,41203,10000,2,8,
50397,41203,10000,2,8,
50398,41203,10000,2,8,
50399,41203,10000,2,8,
50400,41203,10000,2,8,
50401,41203,10000,2,8,
50402,41203,10000,2,8,
50403,41203,10000,2,8,
50404,41203,10000,2,8,
50405,41203,10000,2,8,
50406,41203,10000,2,8,
50407,41203,10000,2,8,
50408,41203,10000,2,8,
50409,41203,10000,2,8,
50410,41203,10000,2,8,
50411,41203,10000,2,8,
50412,41203,10000,2,8,
50413,41203,10000,2,8,
50414,41203,10000,2,8,
50415,41203,10000,2,8,
50416,41203,10000,2,8,
50417,41203,10000,2,8,
50418,41203,10000,2,8,
50419,41203,10000,2,8,
50420,41203,10000,2,8,
50421,41203,10000,2,8,
50422,41203,10000,2,8,
50423,41203,10000,2,8,
50424,41203,10000,2,8,
50425,41203,10000,2,8,
50426,41203,10000,2,8,
50427,41203,10000,2,8,
50428,41203,10000,2,8,
50429,41203,10000,2,8,
50430,41203,10000,2,8,
50431,41203,10000,2,8,
50432,41203,10000,2,8,
50433,41203,10000,2,8,
50434,41203,10000,2,8,
50435,41203,10000,2,8,
50436,41203,10000,2,8,
50437,41203,10000,2,8,
50438,41203,10000,2,8,
50439,41203,10000,2,8,
50440,41203,10000,2,8,
50441,41203,10000,2,8,
50442,41203,10000,2,8,
50443,41203,10000,2,8,
50444,41203,10000,2,8,
50445,41203,10000,2,8,
50446,41203,10000,2,8,
50447,41203,10000,2,8,
50448,41203,10000,2,8,
50449,41203,10000,2,8,
50450,41203,10000,2,8,
50451,41203,10000,2,8,
50452,41203,10000,2,8,
50453,41203,10000,2,8,
50454,41203,10000,2,8,
50455,41203,10000,2,8,
50456,41203,10000,2,8,
50457,41203,10000,2,8,
50458,41203,10000,2,8,
50459,41203,10000,2,8,
50460,41203,10000,2,8,
50461,41203,10000,2,8,
50462,41203,10000,2,8,
50463,41203,10000,2,8,
50464,41203,10000,2,8,
52001,41205,10000,1,4,
52002,41207,10000,1,4,
52003,41210,10000,1,4,
50001,41210,10000,1,4,
50002,41206,10000,1,4,
50003,41210,10000,1,4,
50004,41205,10000,1,4,
50005,41206,10000,1,4,
50006,41205,10000,1,4,
50007,41207,10000,1,4,
50008,41210,10000,1,4,
50009,41209,10000,1,4,
50010,41209,10000,1,4,
50011,41209,10000,1,4,
50012,41206,10000,1,4,
50013,41207,10000,1,4,
50014,41208,10000,1,4,
50015,41207,10000,1,4,
50016,41206,10000,1,4,
50017,41209,10000,1,4,
50018,41205,10000,1,4,
50019,41208,10000,1,4,
50020,41207,10000,1,4,
50021,41205,10000,1,4,
50022,41208,10000,1,4,
50023,41208,10000,1,4,
50024,41210,10000,1,4,
50025,41205,10000,1,4,
50026,41207,10000,1,4,
50027,41206,10000,1,4,
50028,41208,10000,1,4,
50029,41205,10000,1,4,
50030,41206,10000,1,4,
50031,41206,10000,1,4,
50032,41210,10000,1,4,
50033,41207,10000,1,4,
50034,41206,10000,1,4,
50035,41210,10000,1,4,
50036,41205,10000,1,4,
50037,41205,10000,1,4,
50038,41206,10000,1,4,
50039,41207,10000,1,4,
50040,41208,10000,1,4,
50041,41209,10000,1,4,
50042,41210,10000,1,4,
50043,41209,10000,1,4,
50044,41210,10000,1,4,
50045,41207,10000,1,4,
50046,41207,10000,1,4,
50047,41207,10000,1,4,
50048,41207,10000,1,4,
50049,41208,10000,1,4,
50050,41207,10000,1,4,
50051,41207,10000,1,4,
50052,41210,10000,1,4,
50053,41207,10000,1,4,
50054,41209,10000,1,4,
50055,41207,10000,1,4,
50056,41209,10000,1,4,
50057,41205,10000,1,4,
50058,41208,10000,1,4,
50059,41205,10000,1,4,
50060,41206,10000,1,4,
50061,41210,10000,1,4,
50062,41206,10000,1,4,
50063,41205,10000,1,4,
50064,41206,10000,1,4,
50065,41205,10000,1,4,
50066,41205,10000,1,4,
50067,41207,10000,1,4,
50068,41207,10000,1,4,
50069,41205,10000,1,4,
50070,41208,10000,1,4,
50071,41207,10000,1,4,
50072,41210,10000,1,4,
50073,41207,10000,1,4,
50074,41205,10000,1,4,
50075,41208,10000,1,4,
50076,41209,10000,1,4,
50077,41207,10000,1,4,
50078,41209,10000,1,4,
50079,41205,10000,1,4,
50080,41210,10000,1,4,
50081,41208,10000,1,4,
50082,41210,10000,1,4,
50083,41208,10000,1,4,
50084,41209,10000,1,4,
50085,41208,10000,1,4,
50086,41208,10000,1,4,
50087,41206,10000,1,4,
50088,41205,10000,1,4,
50089,41206,10000,1,4,
50090,41209,10000,1,4,
50091,41205,10000,1,4,
50092,41209,10000,1,4,
50093,41210,10000,1,4,
50094,41206,10000,1,4,
50095,41205,10000,1,4,
50096,41208,10000,1,4,
50097,41210,10000,1,4,
50098,41209,10000,1,4,
50099,41206,10000,1,4,
50100,41207,10000,1,4,
50101,41205,10000,1,4,
50102,41210,10000,1,4,
50103,41209,10000,1,4,
50104,41205,10000,1,4,
50105,41206,10000,1,4,
50106,41209,10000,1,4,
50107,41207,10000,1,4,
50108,41210,10000,1,4,
50109,41205,10000,1,4,
50110,41208,10000,1,4,
50111,41209,10000,1,4,
50112,41208,10000,1,4,
50113,41209,10000,1,4,
50114,41209,10000,1,4,
50115,41208,10000,1,4,
50116,41210,10000,1,4,
50117,41210,10000,1,4,
50118,41205,10000,1,4,
50119,41205,10000,1,4,
50120,41207,10000,1,4,
50121,41210,10000,1,4,
50122,41208,10000,1,4,
50123,41207,10000,1,4,
50124,41209,10000,1,4,
50125,41207,10000,1,4,
50126,41209,10000,1,4,
50127,41206,10000,1,4,
50128,41206,10000,1,4,
50129,41209,10000,1,4,
50130,41206,10000,1,4,
50131,41210,10000,1,4,
50132,41210,10000,1,4,
50133,41205,10000,1,4,
50134,41209,10000,1,4,
50135,41205,10000,1,4,
50136,41207,10000,1,4,
50137,41209,10000,1,4,
50138,41210,10000,1,4,
50139,41210,10000,1,4,
50140,41205,10000,1,4,
50141,41208,10000,1,4,
50142,41209,10000,1,4,
50143,41209,10000,1,4,
50144,41207,10000,1,4,
50145,41209,10000,1,4,
50146,41208,10000,1,4,
50147,41207,10000,1,4,
50148,41207,10000,1,4,
50149,41205,10000,1,4,
50150,41206,10000,1,4,
50151,41206,10000,1,4,
50152,41205,10000,1,4,
50153,41207,10000,1,4,
50154,41208,10000,1,4,
50155,41206,10000,1,4,
50156,41206,10000,1,4,
50157,41209,10000,1,4,
50158,41210,10000,1,4,
50159,41210,10000,1,4,
50160,41208,10000,1,4,
50161,41206,10000,1,4,
50162,41210,10000,1,4,
50163,41209,10000,1,4,
50164,41207,10000,1,4,
50165,41210,10000,1,4,
50166,41207,10000,1,4,
50167,41205,10000,1,4,
50168,41208,10000,1,4,
50169,41205,10000,1,4,
50170,41208,10000,1,4,
50171,41208,10000,1,4,
50172,41207,10000,1,4,
50173,41206,10000,1,4,
50174,41209,10000,1,4,
50175,41206,10000,1,4,
50176,41208,10000,1,4,
50177,41205,10000,1,4,
50178,41208,10000,1,4,
50179,41210,10000,1,4,
50180,41210,10000,1,4,
50181,41210,10000,1,4,
50182,41207,10000,1,4,
50183,41209,10000,1,4,
50184,41208,10000,1,4,
50185,41210,10000,1,4,
50186,41209,10000,1,4,
50187,41208,10000,1,4,
50188,41208,10000,1,4,
50189,41209,10000,1,4,
50190,41207,10000,1,4,
50191,41207,10000,1,4,
50192,41209,10000,1,4,
50193,41209,10000,1,4,
50194,41210,10000,1,4,
50195,41206,10000,1,4,
50196,41208,10000,1,4,
50197,41208,10000,1,4,
50198,41206,10000,1,4,
50199,41207,10000,1,4,
50200,41209,10000,1,4,
50201,41206,10000,1,4,
50202,41205,10000,1,4,
50203,41209,10000,1,4,
50204,41210,10000,1,4,
50205,41206,10000,1,4,
50206,41207,10000,1,4,
50207,41209,10000,1,4,
50208,41205,10000,1,4,
50209,41206,10000,1,4,
50210,41210,10000,1,4,
50211,41210,10000,1,4,
50212,41210,10000,1,4,
50213,41206,10000,1,4,
50214,41207,10000,1,4,
50215,41207,10000,1,4,
50216,41208,10000,1,4,
50217,41207,10000,1,4,
50218,41206,10000,1,4,
50219,41210,10000,1,4,
50220,41206,10000,1,4,
50221,41207,10000,1,4,
50222,41206,10000,1,4,
50223,41208,10000,1,4,
50224,41208,10000,1,4,
50225,41208,10000,1,4,
50226,41208,10000,1,4,
50227,41207,10000,1,4,
50228,41208,10000,1,4,
50229,41210,10000,1,4,
50230,41209,10000,1,4,
50231,41208,10000,1,4,
50232,41208,10000,1,4,
50233,41208,10000,1,4,
50234,41210,10000,1,4,
50235,41208,10000,1,4,
50236,41206,10000,1,4,
50237,41206,10000,1,4,
50238,41209,10000,1,4,
50239,41205,10000,1,4,
50240,41208,10000,1,4,
50241,41210,10000,1,4,
50242,41206,10000,1,4,
50243,41207,10000,1,4,
50244,41207,10000,1,4,
50245,41206,10000,1,4,
50246,41206,10000,1,4,
50247,41208,10000,1,4,
50248,41207,10000,1,4,
50249,41207,10000,1,4,
50250,41206,10000,1,4,
50251,41208,10000,1,4,
50252,41206,10000,1,4,
50253,41207,10000,1,4,
50254,41207,10000,1,4,
50255,41209,10000,1,4,
50256,41208,10000,1,4,
50257,41206,10000,1,4,
50258,41210,10000,1,4,
50259,41207,10000,1,4,
50260,41207,10000,1,4,
50261,41207,10000,1,4,
50262,41205,10000,1,4,
50263,41208,10000,1,4,
50264,41208,10000,1,4,
50265,41205,10000,1,4,
50266,41208,10000,1,4,
50267,41207,10000,1,4,
50268,41205,10000,1,4,
50269,41206,10000,1,4,
50270,41206,10000,1,4,
50271,41208,10000,1,4,
50272,41206,10000,1,4,
50273,41209,10000,1,4,
50274,41205,10000,1,4,
50275,41207,10000,1,4,
50276,41206,10000,1,4,
50277,41208,10000,1,4,
50278,41205,10000,1,4,
50279,41207,10000,1,4,
50280,41207,10000,1,4,
50281,41209,10000,1,4,
50282,41209,10000,1,4,
50283,41210,10000,1,4,
50284,41209,10000,1,4,
50285,41207,10000,1,4,
50286,41205,10000,1,4,
50287,41209,10000,1,4,
50288,41205,10000,1,4,
50289,41209,10000,1,4,
50290,41208,10000,1,4,
50291,41210,10000,1,4,
50292,41210,10000,1,4,
50293,41209,10000,1,4,
50294,41210,10000,1,4,
50295,41205,10000,1,4,
50296,41205,10000,1,4,
50297,41210,10000,1,4,
50298,41208,10000,1,4,
50299,41209,10000,1,4,
50300,41208,10000,1,4,
50301,41210,10000,1,4,
50302,41209,10000,1,4,
50303,41206,10000,1,4,
50304,41208,10000,1,4,
50305,41205,10000,1,4,
50306,41206,10000,1,4,
50307,41209,10000,1,4,
50308,41210,10000,1,4,
50309,41210,10000,1,4,
50310,41205,10000,1,4,
50311,41207,10000,1,4,
50312,41206,10000,1,4,
50313,41210,10000,1,4,
50314,41205,10000,1,4,
50315,41208,10000,1,4,
50316,41208,10000,1,4,
50317,41209,10000,1,4,
50318,41205,10000,1,4,
50319,41207,10000,1,4,
50320,41205,10000,1,4,
50321,41206,10000,1,4,
50322,41206,10000,1,4,
50323,41209,10000,1,4,
50324,41210,10000,1,4,
50325,41209,10000,1,4,
50326,41207,10000,1,4,
50327,41208,10000,1,4,
50328,41206,10000,1,4,
50329,41209,10000,1,4,
50330,41206,10000,1,4,
50331,41206,10000,1,4,
50332,41207,10000,1,4,
50333,41210,10000,1,4,
50334,41209,10000,1,4,
50335,41208,10000,1,4,
50336,41205,10000,1,4,
50337,41205,10000,1,4,
50338,41208,10000,1,4,
50339,41208,10000,1,4,
50340,41208,10000,1,4,
50341,41209,10000,1,4,
50342,41206,10000,1,4,
50343,41210,10000,1,4,
50344,41206,10000,1,4,
50345,41208,10000,1,4,
50346,41205,10000,1,4,
50347,41209,10000,1,4,
50348,41206,10000,1,4,
50349,41209,10000,1,4,
50350,41209,10000,1,4,
50351,41206,10000,1,4,
50352,41206,10000,1,4,
50353,41209,10000,1,4,
50354,41208,10000,1,4,
50355,41210,10000,1,4,
50356,41207,10000,1,4,
50357,41209,10000,1,4,
50358,41206,10000,1,4,
50359,41207,10000,1,4,
50360,41205,10000,1,4,
50361,41208,10000,1,4,
50362,41207,10000,1,4,
50363,41210,10000,1,4,
50364,41206,10000,1,4,
50365,41207,10000,1,4,
50366,41207,10000,1,4,
50367,41205,10000,1,4,
50368,41210,10000,1,4,
50369,41208,10000,1,4,
50370,41207,10000,1,4,
50371,41210,10000,1,4,
50372,41208,10000,1,4,
50373,41207,10000,1,4,
50374,41208,10000,1,4,
50375,41208,10000,1,4,
50376,41208,10000,1,4,
50377,41210,10000,1,4,
50378,41206,10000,1,4,
50379,41209,10000,1,4,
50380,41208,10000,1,4,
50381,41208,10000,1,4,
50382,41208,10000,1,4,
50383,41205,10000,1,4,
50384,41205,10000,1,4,
50385,41210,10000,1,4,
50386,41205,10000,1,4,
50387,41205,10000,1,4,
50388,41210,10000,1,4,
50389,41207,10000,1,4,
50390,41207,10000,1,4,
50391,41209,10000,1,4,
50392,41205,10000,1,4,
50393,41206,10000,1,4,
50394,41209,10000,1,4,
50395,41210,10000,1,4,
50396,41207,10000,1,4,
50397,41210,10000,1,4,
50398,41208,10000,1,4,
50399,41208,10000,1,4,
50400,41210,10000,1,4,
50401,41209,10000,1,4,
50402,41208,10000,1,4,
50403,41207,10000,1,4,
50404,41207,10000,1,4,
50405,41207,10000,1,4,
50406,41210,10000,1,4,
50407,41210,10000,1,4,
50408,41210,10000,1,4,
50409,41207,10000,1,4,
50410,41208,10000,1,4,
50411,41208,10000,1,4,
50412,41206,10000,1,4,
50413,41209,10000,1,4,
50414,41207,10000,1,4,
50415,41206,10000,1,4,
50416,41209,10000,1,4,
50417,41205,10000,1,4,
50418,41205,10000,1,4,
50419,41207,10000,1,4,
50420,41209,10000,1,4,
50421,41207,10000,1,4,
50422,41206,10000,1,4,
50423,41208,10000,1,4,
50424,41205,10000,1,4,
50425,41208,10000,1,4,
50426,41210,10000,1,4,
50427,41206,10000,1,4,
50428,41209,10000,1,4,
50429,41208,10000,1,4,
50430,41208,10000,1,4,
50431,41208,10000,1,4,
50432,41205,10000,1,4,
50433,41205,10000,1,4,
50434,41210,10000,1,4,
50435,41205,10000,1,4,
50436,41205,10000,1,4,
50437,41210,10000,1,4,
50438,41207,10000,1,4,
50439,41207,10000,1,4,
50440,41209,10000,1,4,
50441,41205,10000,1,4,
50442,41206,10000,1,4,
50443,41209,10000,1,4,
50444,41210,10000,1,4,
50445,41207,10000,1,4,
50446,41210,10000,1,4,
50447,41208,10000,1,4,
50448,41208,10000,1,4,
50449,41210,10000,1,4,
50450,41209,10000,1,4,
50451,41208,10000,1,4,
50452,41207,10000,1,4,
50453,41206,10000,1,4,
50454,41207,10000,1,4,
50455,41205,10000,1,4,
50456,41208,10000,1,4,
50457,41207,10000,1,4,
50458,41210,10000,1,4,
50459,41206,10000,1,4,
50460,41207,10000,1,4,
50461,41207,10000,1,4,
50462,41205,10000,1,4,
50463,41210,10000,1,4,
50464,41208,10000,1,4,
52001,41212,5000,1,2,
52002,41213,5000,1,2,
52003,41213,5000,1,2,
50001,41212,5000,1,2,
50002,41212,5000,1,2,
50003,41212,5000,1,2,
50004,41214,5000,1,2,
50005,41213,5000,1,2,
50006,41212,5000,1,2,
50007,41213,5000,1,2,
50008,41213,5000,1,2,
50009,41212,5000,1,2,
50010,41212,5000,1,2,
50011,41212,5000,1,2,
50012,41213,5000,1,2,
50013,41213,5000,1,2,
50014,41213,5000,1,2,
50015,41213,5000,1,2,
50016,41212,5000,1,2,
50017,41213,5000,1,2,
50018,41212,5000,1,2,
50019,41214,5000,1,2,
50020,41213,5000,1,2,
50021,41214,5000,1,2,
50022,41213,5000,1,2,
50023,41212,5000,1,2,
50024,41212,5000,1,2,
50025,41214,5000,1,2,
50026,41213,5000,1,2,
50027,41213,5000,1,2,
50028,41212,5000,1,2,
50029,41212,5000,1,2,
50030,41214,5000,1,2,
50031,41214,5000,1,2,
50032,41214,5000,1,2,
50033,41212,5000,1,2,
50034,41214,5000,1,2,
50035,41213,5000,1,2,
50036,41214,5000,1,2,
50037,41214,5000,1,2,
50038,41214,5000,1,2,
50039,41213,5000,1,2,
50040,41214,5000,1,2,
50041,41213,5000,1,2,
50042,41214,5000,1,2,
50043,41213,5000,1,2,
50044,41213,5000,1,2,
50045,41212,5000,1,2,
50046,41213,5000,1,2,
50047,41212,5000,1,2,
50048,41214,5000,1,2,
50049,41212,5000,1,2,
50050,41212,5000,1,2,
50051,41213,5000,1,2,
50052,41214,5000,1,2,
50053,41213,5000,1,2,
50054,41212,5000,1,2,
50055,41213,5000,1,2,
50056,41212,5000,1,2,
50057,41213,5000,1,2,
50058,41213,5000,1,2,
50059,41214,5000,1,2,
50060,41212,5000,1,2,
50061,41213,5000,1,2,
50062,41214,5000,1,2,
50063,41213,5000,1,2,
50064,41214,5000,1,2,
50065,41214,5000,1,2,
50066,41212,5000,1,2,
50067,41213,5000,1,2,
50068,41212,5000,1,2,
50069,41213,5000,1,2,
50070,41213,5000,1,2,
50071,41214,5000,1,2,
50072,41213,5000,1,2,
50073,41213,5000,1,2,
50074,41213,5000,1,2,
50075,41213,5000,1,2,
50076,41213,5000,1,2,
50077,41214,5000,1,2,
50078,41214,5000,1,2,
50079,41212,5000,1,2,
50080,41212,5000,1,2,
50081,41214,5000,1,2,
50082,41212,5000,1,2,
50083,41214,5000,1,2,
50084,41214,5000,1,2,
50085,41214,5000,1,2,
50086,41212,5000,1,2,
50087,41212,5000,1,2,
50088,41214,5000,1,2,
50089,41214,5000,1,2,
50090,41213,5000,1,2,
50091,41213,5000,1,2,
50092,41214,5000,1,2,
50093,41213,5000,1,2,
50094,41214,5000,1,2,
50095,41212,5000,1,2,
50096,41213,5000,1,2,
50097,41214,5000,1,2,
50098,41212,5000,1,2,
50099,41212,5000,1,2,
50100,41213,5000,1,2,
50101,41214,5000,1,2,
50102,41212,5000,1,2,
50103,41213,5000,1,2,
50104,41212,5000,1,2,
50105,41213,5000,1,2,
50106,41214,5000,1,2,
50107,41212,5000,1,2,
50108,41214,5000,1,2,
50109,41213,5000,1,2,
50110,41213,5000,1,2,
50111,41213,5000,1,2,
50112,41213,5000,1,2,
50113,41214,5000,1,2,
50114,41212,5000,1,2,
50115,41213,5000,1,2,
50116,41214,5000,1,2,
50117,41212,5000,1,2,
50118,41213,5000,1,2,
50119,41213,5000,1,2,
50120,41214,5000,1,2,
50121,41214,5000,1,2,
50122,41214,5000,1,2,
50123,41214,5000,1,2,
50124,41212,5000,1,2,
50125,41214,5000,1,2,
50126,41212,5000,1,2,
50127,41213,5000,1,2,
50128,41212,5000,1,2,
50129,41212,5000,1,2,
50130,41214,5000,1,2,
50131,41213,5000,1,2,
50132,41212,5000,1,2,
50133,41214,5000,1,2,
50134,41212,5000,1,2,
50135,41214,5000,1,2,
50136,41214,5000,1,2,
50137,41213,5000,1,2,
50138,41212,5000,1,2,
50139,41212,5000,1,2,
50140,41212,5000,1,2,
50141,41214,5000,1,2,
50142,41214,5000,1,2,
50143,41213,5000,1,2,
50144,41212,5000,1,2,
50145,41213,5000,1,2,
50146,41212,5000,1,2,
50147,41213,5000,1,2,
50148,41214,5000,1,2,
50149,41213,5000,1,2,
50150,41212,5000,1,2,
50151,41214,5000,1,2,
50152,41213,5000,1,2,
50153,41214,5000,1,2,
50154,41212,5000,1,2,
50155,41212,5000,1,2,
50156,41213,5000,1,2,
50157,41214,5000,1,2,
50158,41214,5000,1,2,
50159,41212,5000,1,2,
50160,41214,5000,1,2,
50161,41212,5000,1,2,
50162,41213,5000,1,2,
50163,41214,5000,1,2,
50164,41213,5000,1,2,
50165,41212,5000,1,2,
50166,41212,5000,1,2,
50167,41213,5000,1,2,
50168,41213,5000,1,2,
50169,41214,5000,1,2,
50170,41212,5000,1,2,
50171,41214,5000,1,2,
50172,41214,5000,1,2,
50173,41213,5000,1,2,
50174,41214,5000,1,2,
50175,41212,5000,1,2,
50176,41212,5000,1,2,
50177,41212,5000,1,2,
50178,41213,5000,1,2,
50179,41212,5000,1,2,
50180,41214,5000,1,2,
50181,41214,5000,1,2,
50182,41214,5000,1,2,
50183,41214,5000,1,2,
50184,41212,5000,1,2,
50185,41213,5000,1,2,
50186,41212,5000,1,2,
50187,41214,5000,1,2,
50188,41214,5000,1,2,
50189,41213,5000,1,2,
50190,41213,5000,1,2,
50191,41213,5000,1,2,
50192,41213,5000,1,2,
50193,41212,5000,1,2,
50194,41213,5000,1,2,
50195,41214,5000,1,2,
50196,41214,5000,1,2,
50197,41213,5000,1,2,
50198,41214,5000,1,2,
50199,41212,5000,1,2,
50200,41214,5000,1,2,
50201,41214,5000,1,2,
50202,41212,5000,1,2,
50203,41212,5000,1,2,
50204,41213,5000,1,2,
50205,41214,5000,1,2,
50206,41212,5000,1,2,
50207,41214,5000,1,2,
50208,41212,5000,1,2,
50209,41214,5000,1,2,
50210,41214,5000,1,2,
50211,41213,5000,1,2,
50212,41212,5000,1,2,
50213,41214,5000,1,2,
50214,41213,5000,1,2,
50215,41213,5000,1,2,
50216,41212,5000,1,2,
50217,41212,5000,1,2,
50218,41214,5000,1,2,
50219,41212,5000,1,2,
50220,41214,5000,1,2,
50221,41212,5000,1,2,
50222,41212,5000,1,2,
50223,41212,5000,1,2,
50224,41212,5000,1,2,
50225,41214,5000,1,2,
50226,41213,5000,1,2,
50227,41213,5000,1,2,
50228,41214,5000,1,2,
50229,41213,5000,1,2,
50230,41214,5000,1,2,
50231,41212,5000,1,2,
50232,41214,5000,1,2,
50233,41212,5000,1,2,
50234,41213,5000,1,2,
50235,41212,5000,1,2,
50236,41214,5000,1,2,
50237,41213,5000,1,2,
50238,41212,5000,1,2,
50239,41212,5000,1,2,
50240,41214,5000,1,2,
50241,41214,5000,1,2,
50242,41212,5000,1,2,
50243,41212,5000,1,2,
50244,41213,5000,1,2,
50245,41214,5000,1,2,
50246,41213,5000,1,2,
50247,41212,5000,1,2,
50248,41213,5000,1,2,
50249,41214,5000,1,2,
50250,41214,5000,1,2,
50251,41214,5000,1,2,
50252,41213,5000,1,2,
50253,41213,5000,1,2,
50254,41213,5000,1,2,
50255,41214,5000,1,2,
50256,41213,5000,1,2,
50257,41214,5000,1,2,
50258,41212,5000,1,2,
50259,41213,5000,1,2,
50260,41214,5000,1,2,
50261,41213,5000,1,2,
50262,41212,5000,1,2,
50263,41212,5000,1,2,
50264,41214,5000,1,2,
50265,41212,5000,1,2,
50266,41214,5000,1,2,
50267,41214,5000,1,2,
50268,41213,5000,1,2,
50269,41213,5000,1,2,
50270,41214,5000,1,2,
50271,41213,5000,1,2,
50272,41214,5000,1,2,
50273,41214,5000,1,2,
50274,41213,5000,1,2,
50275,41213,5000,1,2,
50276,41214,5000,1,2,
50277,41212,5000,1,2,
50278,41212,5000,1,2,
50279,41214,5000,1,2,
50280,41212,5000,1,2,
50281,41214,5000,1,2,
50282,41214,5000,1,2,
50283,41214,5000,1,2,
50284,41212,5000,1,2,
50285,41213,5000,1,2,
50286,41214,5000,1,2,
50287,41213,5000,1,2,
50288,41213,5000,1,2,
50289,41214,5000,1,2,
50290,41213,5000,1,2,
50291,41213,5000,1,2,
50292,41212,5000,1,2,
50293,41212,5000,1,2,
50294,41214,5000,1,2,
50295,41213,5000,1,2,
50296,41213,5000,1,2,
50297,41214,5000,1,2,
50298,41214,5000,1,2,
50299,41213,5000,1,2,
50300,41214,5000,1,2,
50301,41213,5000,1,2,
50302,41212,5000,1,2,
50303,41214,5000,1,2,
50304,41213,5000,1,2,
50305,41213,5000,1,2,
50306,41212,5000,1,2,
50307,41213,5000,1,2,
50308,41213,5000,1,2,
50309,41214,5000,1,2,
50310,41214,5000,1,2,
50311,41214,5000,1,2,
50312,41212,5000,1,2,
50313,41213,5000,1,2,
50314,41212,5000,1,2,
50315,41214,5000,1,2,
50316,41214,5000,1,2,
50317,41212,5000,1,2,
50318,41214,5000,1,2,
50319,41212,5000,1,2,
50320,41212,5000,1,2,
50321,41212,5000,1,2,
50322,41214,5000,1,2,
50323,41212,5000,1,2,
50324,41213,5000,1,2,
50325,41213,5000,1,2,
50326,41213,5000,1,2,
50327,41214,5000,1,2,
50328,41212,5000,1,2,
50329,41213,5000,1,2,
50330,41212,5000,1,2,
50331,41212,5000,1,2,
50332,41214,5000,1,2,
50333,41213,5000,1,2,
50334,41214,5000,1,2,
50335,41214,5000,1,2,
50336,41213,5000,1,2,
50337,41212,5000,1,2,
50338,41214,5000,1,2,
50339,41214,5000,1,2,
50340,41212,5000,1,2,
50341,41213,5000,1,2,
50342,41213,5000,1,2,
50343,41213,5000,1,2,
50344,41213,5000,1,2,
50345,41213,5000,1,2,
50346,41214,5000,1,2,
50347,41214,5000,1,2,
50348,41214,5000,1,2,
50349,41213,5000,1,2,
50350,41213,5000,1,2,
50351,41212,5000,1,2,
50352,41213,5000,1,2,
50353,41213,5000,1,2,
50354,41212,5000,1,2,
50355,41214,5000,1,2,
50356,41213,5000,1,2,
50357,41213,5000,1,2,
50358,41212,5000,1,2,
50359,41213,5000,1,2,
50360,41212,5000,1,2,
50361,41214,5000,1,2,
50362,41214,5000,1,2,
50363,41214,5000,1,2,
50364,41213,5000,1,2,
50365,41212,5000,1,2,
50366,41212,5000,1,2,
50367,41212,5000,1,2,
50368,41214,5000,1,2,
50369,41212,5000,1,2,
50370,41214,5000,1,2,
50371,41212,5000,1,2,
50372,41213,5000,1,2,
50373,41212,5000,1,2,
50374,41212,5000,1,2,
50375,41212,5000,1,2,
50376,41213,5000,1,2,
50377,41212,5000,1,2,
50378,41213,5000,1,2,
50379,41213,5000,1,2,
50380,41212,5000,1,2,
50381,41214,5000,1,2,
50382,41214,5000,1,2,
50383,41212,5000,1,2,
50384,41214,5000,1,2,
50385,41214,5000,1,2,
50386,41212,5000,1,2,
50387,41212,5000,1,2,
50388,41212,5000,1,2,
50389,41212,5000,1,2,
50390,41213,5000,1,2,
50391,41214,5000,1,2,
50392,41213,5000,1,2,
50393,41212,5000,1,2,
50394,41212,5000,1,2,
50395,41212,5000,1,2,
50396,41214,5000,1,2,
50397,41213,5000,1,2,
50398,41212,5000,1,2,
50399,41214,5000,1,2,
50400,41212,5000,1,2,
50401,41212,5000,1,2,
50402,41213,5000,1,2,
50403,41213,5000,1,2,
50404,41212,5000,1,2,
50405,41214,5000,1,2,
50406,41213,5000,1,2,
50407,41213,5000,1,2,
50408,41214,5000,1,2,
50409,41213,5000,1,2,
50410,41213,5000,1,2,
50411,41213,5000,1,2,
50412,41213,5000,1,2,
50413,41214,5000,1,2,
50414,41213,5000,1,2,
50415,41212,5000,1,2,
50416,41214,5000,1,2,
50417,41212,5000,1,2,
50418,41212,5000,1,2,
50419,41212,5000,1,2,
50420,41213,5000,1,2,
50421,41212,5000,1,2,
50422,41213,5000,1,2,
50423,41214,5000,1,2,
50424,41212,5000,1,2,
50425,41212,5000,1,2,
50426,41212,5000,1,2,
50427,41213,5000,1,2,
50428,41213,5000,1,2,
50429,41212,5000,1,2,
50430,41214,5000,1,2,
50431,41214,5000,1,2,
50432,41212,5000,1,2,
50433,41214,5000,1,2,
50434,41214,5000,1,2,
50435,41212,5000,1,2,
50436,41212,5000,1,2,
50437,41212,5000,1,2,
50438,41212,5000,1,2,
50439,41213,5000,1,2,
50440,41214,5000,1,2,
50441,41213,5000,1,2,
50442,41212,5000,1,2,
50443,41212,5000,1,2,
50444,41212,5000,1,2,
50445,41214,5000,1,2,
50446,41213,5000,1,2,
50447,41212,5000,1,2,
50448,41214,5000,1,2,
50449,41212,5000,1,2,
50450,41212,5000,1,2,
50451,41213,5000,1,2,
50452,41213,5000,1,2,
50453,41212,5000,1,2,
50454,41213,5000,1,2,
50455,41212,5000,1,2,
50456,41214,5000,1,2,
50457,41214,5000,1,2,
50458,41214,5000,1,2,
50459,41213,5000,1,2,
50460,41212,5000,1,2,
50461,41212,5000,1,2,
50462,41212,5000,1,2,
50463,41214,5000,1,2,
50464,41212,5000,1,2,
52001,41001,10000,1,4,
52002,41215,10000,1,4,
52003,41001,10000,1,4,
50001,41215,10000,1,4,
50002,41215,10000,1,4,
50003,41001,10000,1,4,
50004,41215,10000,1,4,
50005,41001,10000,1,4,
50006,41001,10000,1,4,
50007,41215,10000,1,4,
50008,41001,10000,1,4,
50009,41215,10000,1,4,
50010,41001,10000,1,4,
50011,41001,10000,1,4,
50012,41215,10000,1,4,
50013,41001,10000,1,4,
50014,41215,10000,1,4,
50015,41215,10000,1,4,
50016,41001,10000,1,4,
50017,41001,10000,1,4,
50018,41001,10000,1,4,
50019,41215,10000,1,4,
50020,41215,10000,1,4,
50021,41215,10000,1,4,
50022,41215,10000,1,4,
50023,41001,10000,1,4,
50024,41215,10000,1,4,
50025,41001,10000,1,4,
50026,41001,10000,1,4,
50027,41001,10000,1,4,
50028,41215,10000,1,4,
50029,41215,10000,1,4,
50030,41215,10000,1,4,
50031,41215,10000,1,4,
50032,41215,10000,1,4,
50033,41215,10000,1,4,
50034,41001,10000,1,4,
50035,41001,10000,1,4,
50036,41215,10000,1,4,
50037,41001,10000,1,4,
50038,41215,10000,1,4,
50039,41215,10000,1,4,
50040,41001,10000,1,4,
50041,41215,10000,1,4,
50042,41215,10000,1,4,
50043,41215,10000,1,4,
50044,41001,10000,1,4,
50045,41215,10000,1,4,
50046,41001,10000,1,4,
50047,41215,10000,1,4,
50048,41001,10000,1,4,
50049,41001,10000,1,4,
50050,41001,10000,1,4,
50051,41001,10000,1,4,
50052,41001,10000,1,4,
50053,41001,10000,1,4,
50054,41215,10000,1,4,
50055,41001,10000,1,4,
50056,41215,10000,1,4,
50057,41215,10000,1,4,
50058,41001,10000,1,4,
50059,41215,10000,1,4,
50060,41001,10000,1,4,
50061,41215,10000,1,4,
50062,41215,10000,1,4,
50063,41001,10000,1,4,
50064,41001,10000,1,4,
50065,41215,10000,1,4,
50066,41215,10000,1,4,
50067,41215,10000,1,4,
50068,41002,10000,1,4,
50069,41001,10000,1,4,
50070,41001,10000,1,4,
50071,41001,10000,1,4,
50072,41215,10000,1,4,
50073,41002,10000,1,4,
50074,41215,10000,1,4,
50075,41215,10000,1,4,
50076,41002,10000,1,4,
50077,41215,10000,1,4,
50078,41215,10000,1,4,
50079,41215,10000,1,4,
50080,41215,10000,1,4,
50081,41215,10000,1,4,
50082,41215,10000,1,4,
50083,41002,10000,1,4,
50084,41215,10000,1,4,
50085,41215,10000,1,4,
50086,41001,10000,1,4,
50087,41001,10000,1,4,
50088,41002,10000,1,4,
50089,41001,10000,1,4,
50090,41215,10000,1,4,
50091,41215,10000,1,4,
50092,41002,10000,1,4,
50093,41002,10000,1,4,
50094,41001,10000,1,4,
50095,41215,10000,1,4,
50096,41002,10000,1,4,
50097,41215,10000,1,4,
50098,41001,10000,1,4,
50099,41215,10000,1,4,
50100,41215,10000,1,4,
50101,41002,10000,1,4,
50102,41215,10000,1,4,
50103,41215,10000,1,4,
50104,41002,10000,1,4,
50105,41001,10000,1,4,
50106,41001,10000,1,4,
50107,41215,10000,1,4,
50108,41001,10000,1,4,
50109,41215,10000,1,4,
50110,41002,10000,1,4,
50111,41215,10000,1,4,
50112,41002,10000,1,4,
50113,41001,10000,1,4,
50114,41215,10000,1,4,
50115,41002,10000,1,4,
50116,41002,10000,1,4,
50117,41002,10000,1,4,
50118,41215,10000,1,4,
50119,41002,10000,1,4,
50120,41001,10000,1,4,
50121,41001,10000,1,4,
50122,41215,10000,1,4,
50123,41002,10000,1,4,
50124,41215,10000,1,4,
50125,41002,10000,1,4,
50126,41215,10000,1,4,
50127,41001,10000,1,4,
50128,41001,10000,1,4,
50129,41001,10000,1,4,
50130,41001,10000,1,4,
50131,41215,10000,1,4,
50132,41215,10000,1,4,
50133,41002,10000,1,4,
50134,41002,10000,1,4,
50135,41002,10000,1,4,
50136,41215,10000,1,4,
50137,41001,10000,1,4,
50138,41002,10000,1,4,
50139,41215,10000,1,4,
50140,41215,10000,1,4,
50141,41002,10000,1,4,
50142,41001,10000,1,4,
50143,41002,10000,1,4,
50144,41215,10000,1,4,
50145,41215,10000,1,4,
50146,41215,10000,1,4,
50147,41002,10000,1,4,
50148,41001,10000,1,4,
50149,41001,10000,1,4,
50150,41215,10000,1,4,
50151,41215,10000,1,4,
50152,41002,10000,1,4,
50153,41215,10000,1,4,
50154,41215,10000,1,4,
50155,41215,10000,1,4,
50156,41215,10000,1,4,
50157,41001,10000,1,4,
50158,41001,10000,1,4,
50159,41002,10000,1,4,
50160,41215,10000,1,4,
50161,41215,10000,1,4,
50162,41002,10000,1,4,
50163,41215,10000,1,4,
50164,41002,10000,1,4,
50165,41215,10000,1,4,
50166,41215,10000,1,4,
50167,41002,10000,1,4,
50168,41002,10000,1,4,
50169,41002,10000,1,4,
50170,41215,10000,1,4,
50171,41002,10000,1,4,
50172,41001,10000,1,4,
50173,41215,10000,1,4,
50174,41002,10000,1,4,
50175,41001,10000,1,4,
50176,41215,10000,1,4,
50177,41003,10000,1,4,
50178,41003,10000,1,4,
50179,41215,10000,1,4,
50180,41001,10000,1,4,
50181,41001,10000,1,4,
50182,41002,10000,1,4,
50183,41002,10000,1,4,
50184,41003,10000,1,4,
50185,41215,10000,1,4,
50186,41003,10000,1,4,
50187,41002,10000,1,4,
50188,41215,10000,1,4,
50189,41001,10000,1,4,
50190,41002,10000,1,4,
50191,41001,10000,1,4,
50192,41215,10000,1,4,
50193,41215,10000,1,4,
50194,41215,10000,1,4,
50195,41001,10000,1,4,
50196,41001,10000,1,4,
50197,41215,10000,1,4,
50198,41001,10000,1,4,
50199,41002,10000,1,4,
50200,41215,10000,1,4,
50201,41215,10000,1,4,
50202,41215,10000,1,4,
50203,41002,10000,1,4,
50204,41215,10000,1,4,
50205,41215,10000,1,4,
50206,41215,10000,1,4,
50207,41001,10000,1,4,
50208,41001,10000,1,4,
50209,41002,10000,1,4,
50210,41215,10000,1,4,
50211,41215,10000,1,4,
50212,41215,10000,1,4,
50213,41003,10000,1,4,
50214,41215,10000,1,4,
50215,41001,10000,1,4,
50216,41003,10000,1,4,
50217,41001,10000,1,4,
50218,41001,10000,1,4,
50219,41215,10000,1,4,
50220,41215,10000,1,4,
50221,41001,10000,1,4,
50222,41001,10000,1,4,
50223,41215,10000,1,4,
50224,41002,10000,1,4,
50225,41215,10000,1,4,
50226,41002,10000,1,4,
50227,41002,10000,1,4,
50228,41002,10000,1,4,
50229,41001,10000,1,4,
50230,41215,10000,1,4,
50231,41001,10000,1,4,
50232,41002,10000,1,4,
50233,41215,10000,1,4,
50234,41215,10000,1,4,
50235,41003,10000,1,4,
50236,41003,10000,1,4,
50237,41001,10000,1,4,
50238,41215,10000,1,4,
50239,41001,10000,1,4,
50240,41002,10000,1,4,
50241,41215,10000,1,4,
50242,41001,10000,1,4,
50243,41215,10000,1,4,
50244,41003,10000,1,4,
50245,41002,10000,1,4,
50246,41215,10000,1,4,
50247,41001,10000,1,4,
50248,41002,10000,1,4,
50249,41002,10000,1,4,
50250,41215,10000,1,4,
50251,41001,10000,1,4,
50252,41215,10000,1,4,
50253,41001,10000,1,4,
50254,41003,10000,1,4,
50255,41003,10000,1,4,
50256,41002,10000,1,4,
50257,41002,10000,1,4,
50258,41002,10000,1,4,
50259,41002,10000,1,4,
50260,41215,10000,1,4,
50261,41001,10000,1,4,
50262,41002,10000,1,4,
50263,41215,10000,1,4,
50264,41002,10000,1,4,
50265,41003,10000,1,4,
50266,41001,10000,1,4,
50267,41001,10000,1,4,
50268,41215,10000,1,4,
50269,41215,10000,1,4,
50270,41215,10000,1,4,
50271,41215,10000,1,4,
50272,41001,10000,1,4,
50273,41215,10000,1,4,
50274,41215,10000,1,4,
50275,41215,10000,1,4,
50276,41003,10000,1,4,
50277,41215,10000,1,4,
50278,41002,10000,1,4,
50279,41002,10000,1,4,
50280,41215,10000,1,4,
50281,41215,10000,1,4,
50282,41001,10000,1,4,
50283,41002,10000,1,4,
50284,41002,10000,1,4,
50285,41001,10000,1,4,
50286,41001,10000,1,4,
50287,41215,10000,1,4,
50288,41002,10000,1,4,
50289,41215,10000,1,4,
50290,41215,10000,1,4,
50291,41001,10000,1,4,
50292,41001,10000,1,4,
50293,41002,10000,1,4,
50294,41002,10000,1,4,
50295,41001,10000,1,4,
50296,41001,10000,1,4,
50297,41002,10000,1,4,
50298,41002,10000,1,4,
50299,41003,10000,1,4,
50300,41215,10000,1,4,
50301,41215,10000,1,4,
50302,41001,10000,1,4,
50303,41215,10000,1,4,
50304,41003,10000,1,4,
50305,41001,10000,1,4,
50306,41215,10000,1,4,
50307,41002,10000,1,4,
50308,41215,10000,1,4,
50309,41001,10000,1,4,
50310,41001,10000,1,4,
50311,41002,10000,1,4,
50312,41215,10000,1,4,
50313,41003,10000,1,4,
50314,41002,10000,1,4,
50315,41002,10000,1,4,
50316,41001,10000,1,4,
50317,41001,10000,1,4,
50318,41215,10000,1,4,
50319,41215,10000,1,4,
50320,41215,10000,1,4,
50321,41002,10000,1,4,
50322,41002,10000,1,4,
50323,41002,10000,1,4,
50324,41215,10000,1,4,
50325,41215,10000,1,4,
50326,41215,10000,1,4,
50327,41215,10000,1,4,
50328,41002,10000,1,4,
50329,41003,10000,1,4,
50330,41001,10000,1,4,
50331,41215,10000,1,4,
50332,41002,10000,1,4,
50333,41003,10000,1,4,
50334,41215,10000,1,4,
50335,41001,10000,1,4,
50336,41215,10000,1,4,
50337,41003,10000,1,4,
50338,41001,10000,1,4,
50339,41002,10000,1,4,
50340,41001,10000,1,4,
50341,41215,10000,1,4,
50342,41215,10000,1,4,
50343,41002,10000,1,4,
50344,41002,10000,1,4,
50345,41001,10000,1,4,
50346,41001,10000,1,4,
50347,41002,10000,1,4,
50348,41001,10000,1,4,
50349,41215,10000,1,4,
50350,41215,10000,1,4,
50351,41215,10000,1,4,
50352,41215,10000,1,4,
50353,41002,10000,1,4,
50354,41003,10000,1,4,
50355,41003,10000,1,4,
50356,41001,10000,1,4,
50357,41215,10000,1,4,
50358,41002,10000,1,4,
50359,41002,10000,1,4,
50360,41001,10000,1,4,
50361,41215,10000,1,4,
50362,41215,10000,1,4,
50363,41001,10000,1,4,
50364,41001,10000,1,4,
50365,41003,10000,1,4,
50366,41001,10000,1,4,
50367,41215,10000,1,4,
50368,41001,10000,1,4,
50369,41001,10000,1,4,
50370,41001,10000,1,4,
50371,41001,10000,1,4,
50372,41001,10000,1,4,
50373,41002,10000,1,4,
50374,41215,10000,1,4,
50375,41215,10000,1,4,
50376,41215,10000,1,4,
50377,41215,10000,1,4,
50378,41003,10000,1,4,
50379,41215,10000,1,4,
50380,41215,10000,1,4,
50381,41002,10000,1,4,
50382,41003,10000,1,4,
50383,41215,10000,1,4,
50384,41003,10000,1,4,
50385,41001,10000,1,4,
50386,41215,10000,1,4,
50387,41002,10000,1,4,
50388,41215,10000,1,4,
50389,41002,10000,1,4,
50390,41002,10000,1,4,
50391,41001,10000,1,4,
50392,41215,10000,1,4,
50393,41002,10000,1,4,
50394,41003,10000,1,4,
50395,41215,10000,1,4,
50396,41215,10000,1,4,
50397,41215,10000,1,4,
50398,41001,10000,1,4,
50399,41215,10000,1,4,
50400,41003,10000,1,4,
50401,41215,10000,1,4,
50402,41215,10000,1,4,
50403,41002,10000,1,4,
50404,41003,10000,1,4,
50405,41215,10000,1,4,
50406,41215,10000,1,4,
50407,41002,10000,1,4,
50408,41002,10000,1,4,
50409,41215,10000,1,4,
50410,41001,10000,1,4,
50411,41215,10000,1,4,
50412,41215,10000,1,4,
50413,41002,10000,1,4,
50414,41215,10000,1,4,
50415,41002,10000,1,4,
50416,41001,10000,1,4,
50417,41002,10000,1,4,
50418,41003,10000,1,4,
50419,41001,10000,1,4,
50420,41002,10000,1,4,
50421,41215,10000,1,4,
50422,41001,10000,1,4,
50423,41215,10000,1,4,
50424,41002,10000,1,4,
50425,41003,10000,1,4,
50426,41003,10000,1,4,
50427,41215,10000,1,4,
50428,41001,10000,1,4,
50429,41215,10000,1,4,
50430,41003,10000,1,4,
50431,41215,10000,1,4,
50432,41215,10000,1,4,
50433,41002,10000,1,4,
50434,41003,10000,1,4,
50435,41215,10000,1,4,
50436,41215,10000,1,4,
50437,41002,10000,1,4,
50438,41002,10000,1,4,
50439,41215,10000,1,4,
50440,41001,10000,1,4,
50441,41215,10000,1,4,
50442,41215,10000,1,4,
50443,41002,10000,1,4,
50444,41215,10000,1,4,
50445,41002,10000,1,4,
50446,41001,10000,1,4,
50447,41002,10000,1,4,
50448,41003,10000,1,4,
50449,41215,10000,1,4,
50450,41003,10000,1,4,
50451,41215,10000,1,4,
50452,41215,10000,1,4,
50453,41002,10000,1,4,
50454,41003,10000,1,4,
50455,41215,10000,1,4,
50456,41003,10000,1,4,
50457,41001,10000,1,4,
50458,41215,10000,1,4,
50459,41002,10000,1,4,
50460,41215,10000,1,4,
50461,41002,10000,1,4,
50462,41002,10000,1,4,
50463,41003,10000,1,4,
50464,41001,10000,1,4,
52001,41005,10000,1,4,
52002,41004,10000,1,4,
52003,41005,10000,1,4,
50001,41005,10000,1,4,
50002,41005,10000,1,4,
50003,41004,10000,1,4,
50004,41005,10000,1,4,
50005,41004,10000,1,4,
50006,41005,10000,1,4,
50007,41004,10000,1,4,
50008,41005,10000,1,4,
50009,41005,10000,1,4,
50010,41004,10000,1,4,
50011,41005,10000,1,4,
50012,41004,10000,1,4,
50013,41005,10000,1,4,
50014,41005,10000,1,4,
50015,41005,10000,1,4,
50016,41005,10000,1,4,
50017,41004,10000,1,4,
50018,41005,10000,1,4,
50019,41004,10000,1,4,
50020,41005,10000,1,4,
50021,41004,10000,1,4,
50022,41005,10000,1,4,
50023,41005,10000,1,4,
50024,41004,10000,1,4,
50025,41005,10000,1,4,
50026,41004,10000,1,4,
50027,41004,10000,1,4,
50028,41005,10000,1,4,
50029,41004,10000,1,4,
50030,41005,10000,1,4,
50031,41004,10000,1,4,
50032,41004,10000,1,4,
50033,41005,10000,1,4,
50034,41004,10000,1,4,
50035,41004,10000,1,4,
50036,41004,10000,1,4,
50037,41005,10000,1,4,
50038,41005,10000,1,4,
50039,41004,10000,1,4,
50040,41004,10000,1,4,
50041,41004,10000,1,4,
50042,41004,10000,1,4,
50043,41005,10000,1,4,
50044,41005,10000,1,4,
50045,41004,10000,1,4,
50046,41005,10000,1,4,
50047,41004,10000,1,4,
50048,41005,10000,1,4,
50049,41004,10000,1,4,
50050,41005,10000,1,4,
50051,41004,10000,1,4,
50052,41004,10000,1,4,
50053,41005,10000,1,4,
50054,41005,10000,1,4,
50055,41005,10000,1,4,
50056,41004,10000,1,4,
50057,41005,10000,1,4,
50058,41005,10000,1,4,
50059,41005,10000,1,4,
50060,41005,10000,1,4,
50061,41005,10000,1,4,
50062,41004,10000,1,4,
50063,41004,10000,1,4,
50064,41004,10000,1,4,
50065,41005,10000,1,4,
50066,41005,10000,1,4,
50067,41005,10000,1,4,
50068,41004,10000,1,4,
50069,41004,10000,1,4,
50070,41004,10000,1,4,
50071,41004,10000,1,4,
50072,41004,10000,1,4,
50073,41004,10000,1,4,
50074,41004,10000,1,4,
50075,41005,10000,1,4,
50076,41005,10000,1,4,
50077,41004,10000,1,4,
50078,41004,10000,1,4,
50079,41004,10000,1,4,
50080,41005,10000,1,4,
50081,41005,10000,1,4,
50082,41005,10000,1,4,
50083,41005,10000,1,4,
50084,41004,10000,1,4,
50085,41004,10000,1,4,
50086,41004,10000,1,4,
50087,41005,10000,1,4,
50088,41004,10000,1,4,
50089,41004,10000,1,4,
50090,41005,10000,1,4,
50091,41004,10000,1,4,
50092,41004,10000,1,4,
50093,41004,10000,1,4,
50094,41004,10000,1,4,
50095,41005,10000,1,4,
50096,41004,10000,1,4,
50097,41005,10000,1,4,
50098,41005,10000,1,4,
50099,41005,10000,1,4,
50100,41004,10000,1,4,
50101,41005,10000,1,4,
50102,41005,10000,1,4,
50103,41004,10000,1,4,
50104,41004,10000,1,4,
50105,41004,10000,1,4,
50106,41005,10000,1,4,
50107,41005,10000,1,4,
50108,41005,10000,1,4,
50109,41004,10000,1,4,
50110,41004,10000,1,4,
50111,41004,10000,1,4,
50112,41004,10000,1,4,
50113,41004,10000,1,4,
50114,41005,10000,1,4,
50115,41005,10000,1,4,
50116,41004,10000,1,4,
50117,41004,10000,1,4,
50118,41005,10000,1,4,
50119,41005,10000,1,4,
50120,41005,10000,1,4,
50121,41005,10000,1,4,
50122,41004,10000,1,4,
50123,41005,10000,1,4,
50124,41004,10000,1,4,
50125,41005,10000,1,4,
50126,41005,10000,1,4,
50127,41004,10000,1,4,
50128,41004,10000,1,4,
50129,41004,10000,1,4,
50130,41005,10000,1,4,
50131,41005,10000,1,4,
50132,41005,10000,1,4,
50133,41004,10000,1,4,
50134,41005,10000,1,4,
50135,41004,10000,1,4,
50136,41005,10000,1,4,
50137,41005,10000,1,4,
50138,41005,10000,1,4,
50139,41005,10000,1,4,
50140,41005,10000,1,4,
50141,41005,10000,1,4,
50142,41004,10000,1,4,
50143,41005,10000,1,4,
50144,41004,10000,1,4,
50145,41005,10000,1,4,
50146,41005,10000,1,4,
50147,41005,10000,1,4,
50148,41005,10000,1,4,
50149,41004,10000,1,4,
50150,41004,10000,1,4,
50151,41004,10000,1,4,
50152,41004,10000,1,4,
50153,41004,10000,1,4,
50154,41004,10000,1,4,
50155,41004,10000,1,4,
50156,41004,10000,1,4,
50157,41005,10000,1,4,
50158,41004,10000,1,4,
50159,41004,10000,1,4,
50160,41005,10000,1,4,
50161,41005,10000,1,4,
50162,41004,10000,1,4,
50163,41004,10000,1,4,
50164,41004,10000,1,4,
50165,41004,10000,1,4,
50166,41004,10000,1,4,
50167,41004,10000,1,4,
50168,41004,10000,1,4,
50169,41005,10000,1,4,
50170,41004,10000,1,4,
50171,41004,10000,1,4,
50172,41004,10000,1,4,
50173,41004,10000,1,4,
50174,41004,10000,1,4,
50175,41004,10000,1,4,
50176,41005,10000,1,4,
50177,41004,10000,1,4,
50178,41005,10000,1,4,
50179,41005,10000,1,4,
50180,41004,10000,1,4,
50181,41004,10000,1,4,
50182,41005,10000,1,4,
50183,41005,10000,1,4,
50184,41005,10000,1,4,
50185,41004,10000,1,4,
50186,41005,10000,1,4,
50187,41005,10000,1,4,
50188,41004,10000,1,4,
50189,41004,10000,1,4,
50190,41004,10000,1,4,
50191,41005,10000,1,4,
50192,41005,10000,1,4,
50193,41005,10000,1,4,
50194,41005,10000,1,4,
50195,41005,10000,1,4,
50196,41005,10000,1,4,
50197,41005,10000,1,4,
50198,41004,10000,1,4,
50199,41004,10000,1,4,
50200,41005,10000,1,4,
50201,41005,10000,1,4,
50202,41004,10000,1,4,
50203,41005,10000,1,4,
50204,41004,10000,1,4,
50205,41005,10000,1,4,
50206,41005,10000,1,4,
50207,41005,10000,1,4,
50208,41005,10000,1,4,
50209,41005,10000,1,4,
50210,41005,10000,1,4,
50211,41005,10000,1,4,
50212,41005,10000,1,4,
50213,41004,10000,1,4,
50214,41004,10000,1,4,
50215,41005,10000,1,4,
50216,41004,10000,1,4,
50217,41005,10000,1,4,
50218,41004,10000,1,4,
50219,41005,10000,1,4,
50220,41004,10000,1,4,
50221,41004,10000,1,4,
50222,41004,10000,1,4,
50223,41004,10000,1,4,
50224,41004,10000,1,4,
50225,41004,10000,1,4,
50226,41004,10000,1,4,
50227,41005,10000,1,4,
50228,41005,10000,1,4,
50229,41004,10000,1,4,
50230,41005,10000,1,4,
50231,41005,10000,1,4,
50232,41004,10000,1,4,
50233,41005,10000,1,4,
50234,41005,10000,1,4,
50235,41005,10000,1,4,
50236,41004,10000,1,4,
50237,41004,10000,1,4,
50238,41004,10000,1,4,
50239,41005,10000,1,4,
50240,41004,10000,1,4,
50241,41004,10000,1,4,
50242,41005,10000,1,4,
50243,41005,10000,1,4,
50244,41004,10000,1,4,
50245,41004,10000,1,4,
50246,41004,10000,1,4,
50247,41005,10000,1,4,
50248,41005,10000,1,4,
50249,41004,10000,1,4,
50250,41004,10000,1,4,
50251,41004,10000,1,4,
50252,41005,10000,1,4,
50253,41004,10000,1,4,
50254,41005,10000,1,4,
50255,41004,10000,1,4,
50256,41005,10000,1,4,
50257,41004,10000,1,4,
50258,41005,10000,1,4,
50259,41004,10000,1,4,
50260,41005,10000,1,4,
50261,41004,10000,1,4,
50262,41004,10000,1,4,
50263,41005,10000,1,4,
50264,41005,10000,1,4,
50265,41005,10000,1,4,
50266,41004,10000,1,4,
50267,41004,10000,1,4,
50268,41005,10000,1,4,
50269,41004,10000,1,4,
50270,41005,10000,1,4,
50271,41005,10000,1,4,
50272,41004,10000,1,4,
50273,41005,10000,1,4,
50274,41005,10000,1,4,
50275,41005,10000,1,4,
50276,41004,10000,1,4,
50277,41004,10000,1,4,
50278,41005,10000,1,4,
50279,41005,10000,1,4,
50280,41005,10000,1,4,
50281,41005,10000,1,4,
50282,41004,10000,1,4,
50283,41004,10000,1,4,
50284,41005,10000,1,4,
50285,41004,10000,1,4,
50286,41004,10000,1,4,
50287,41005,10000,1,4,
50288,41004,10000,1,4,
50289,41004,10000,1,4,
50290,41005,10000,1,4,
50291,41005,10000,1,4,
50292,41005,10000,1,4,
50293,41005,10000,1,4,
50294,41005,10000,1,4,
50295,41004,10000,1,4,
50296,41004,10000,1,4,
50297,41004,10000,1,4,
50298,41004,10000,1,4,
50299,41004,10000,1,4,
50300,41005,10000,1,4,
50301,41004,10000,1,4,
50302,41005,10000,1,4,
50303,41004,10000,1,4,
50304,41004,10000,1,4,
50305,41004,10000,1,4,
50306,41004,10000,1,4,
50307,41005,10000,1,4,
50308,41004,10000,1,4,
50309,41005,10000,1,4,
50310,41005,10000,1,4,
50311,41004,10000,1,4,
50312,41005,10000,1,4,
50313,41004,10000,1,4,
50314,41005,10000,1,4,
50315,41005,10000,1,4,
50316,41005,10000,1,4,
50317,41005,10000,1,4,
50318,41004,10000,1,4,
50319,41004,10000,1,4,
50320,41005,10000,1,4,
50321,41004,10000,1,4,
50322,41004,10000,1,4,
50323,41004,10000,1,4,
50324,41004,10000,1,4,
50325,41004,10000,1,4,
50326,41004,10000,1,4,
50327,41005,10000,1,4,
50328,41005,10000,1,4,
50329,41005,10000,1,4,
50330,41004,10000,1,4,
50331,41005,10000,1,4,
50332,41005,10000,1,4,
50333,41005,10000,1,4,
50334,41004,10000,1,4,
50335,41004,10000,1,4,
50336,41004,10000,1,4,
50337,41004,10000,1,4,
50338,41005,10000,1,4,
50339,41004,10000,1,4,
50340,41005,10000,1,4,
50341,41004,10000,1,4,
50342,41005,10000,1,4,
50343,41005,10000,1,4,
50344,41005,10000,1,4,
50345,41004,10000,1,4,
50346,41004,10000,1,4,
50347,41005,10000,1,4,
50348,41004,10000,1,4,
50349,41005,10000,1,4,
50350,41005,10000,1,4,
50351,41005,10000,1,4,
50352,41004,10000,1,4,
50353,41004,10000,1,4,
50354,41005,10000,1,4,
50355,41004,10000,1,4,
50356,41005,10000,1,4,
50357,41004,10000,1,4,
50358,41005,10000,1,4,
50359,41004,10000,1,4,
50360,41005,10000,1,4,
50361,41005,10000,1,4,
50362,41005,10000,1,4,
50363,41005,10000,1,4,
50364,41004,10000,1,4,
50365,41004,10000,1,4,
50366,41005,10000,1,4,
50367,41005,10000,1,4,
50368,41004,10000,1,4,
50369,41004,10000,1,4,
50370,41004,10000,1,4,
50371,41004,10000,1,4,
50372,41005,10000,1,4,
50373,41005,10000,1,4,
50374,41004,10000,1,4,
50375,41004,10000,1,4,
50376,41005,10000,1,4,
50377,41004,10000,1,4,
50378,41005,10000,1,4,
50379,41004,10000,1,4,
50380,41005,10000,1,4,
50381,41005,10000,1,4,
50382,41005,10000,1,4,
50383,41005,10000,1,4,
50384,41004,10000,1,4,
50385,41005,10000,1,4,
50386,41005,10000,1,4,
50387,41004,10000,1,4,
50388,41004,10000,1,4,
50389,41005,10000,1,4,
50390,41005,10000,1,4,
50391,41004,10000,1,4,
50392,41004,10000,1,4,
50393,41005,10000,1,4,
50394,41004,10000,1,4,
50395,41004,10000,1,4,
50396,41005,10000,1,4,
50397,41004,10000,1,4,
50398,41005,10000,1,4,
50399,41004,10000,1,4,
50400,41004,10000,1,4,
50401,41005,10000,1,4,
50402,41004,10000,1,4,
50403,41004,10000,1,4,
50404,41005,10000,1,4,
50405,41005,10000,1,4,
50406,41004,10000,1,4,
50407,41004,10000,1,4,
50408,41005,10000,1,4,
50409,41005,10000,1,4,
50410,41004,10000,1,4,
50411,41004,10000,1,4,
50412,41004,10000,1,4,
50413,41004,10000,1,4,
50414,41005,10000,1,4,
50415,41004,10000,1,4,
50416,41004,10000,1,4,
50417,41005,10000,1,4,
50418,41005,10000,1,4,
50419,41004,10000,1,4,
50420,41004,10000,1,4,
50421,41004,10000,1,4,
50422,41004,10000,1,4,
50423,41005,10000,1,4,
50424,41005,10000,1,4,
50425,41005,10000,1,4,
50426,41004,10000,1,4,
50427,41005,10000,1,4,
50428,41004,10000,1,4,
50429,41004,10000,1,4,
50430,41005,10000,1,4,
50431,41004,10000,1,4,
50432,41005,10000,1,4,
50433,41004,10000,1,4,
50434,41005,10000,1,4,
50435,41005,10000,1,4,
50436,41005,10000,1,4,
50437,41005,10000,1,4,
50438,41004,10000,1,4,
50439,41005,10000,1,4,
50440,41005,10000,1,4,
50441,41004,10000,1,4,
50442,41004,10000,1,4,
50443,41005,10000,1,4,
50444,41005,10000,1,4,
50445,41004,10000,1,4,
50446,41004,10000,1,4,
50447,41005,10000,1,4,
50448,41004,10000,1,4,
50449,41004,10000,1,4,
50450,41005,10000,1,4,
50451,41004,10000,1,4,
50452,41005,10000,1,4,
50453,41004,10000,1,4,
50454,41004,10000,1,4,
50455,41005,10000,1,4,
50456,41004,10000,1,4,
50457,41004,10000,1,4,
50458,41005,10000,1,4,
50459,41004,10000,1,4,
50460,41005,10000,1,4,
50461,41005,10000,1,4,
50462,41004,10000,1,4,
50463,41004,10000,1,4,
50464,41005,10000,1,4,
52001,41013,10000,1,2,
52002,41009,10000,1,2,
52003,41009,10000,1,2,
50001,41013,5000,1,2,
50002,41012,5000,1,2,
50003,41010,5000,1,2,
50004,41012,5000,1,2,
50005,41009,5000,1,2,
50006,41013,5000,1,2,
50007,41009,5000,1,2,
50008,41009,5000,1,2,
50009,41013,5000,1,2,
50010,41013,5000,1,2,
50011,41013,5000,1,2,
50012,41011,5000,1,2,
50013,41013,5000,1,2,
50014,41009,5000,1,2,
50015,41011,5000,1,2,
50016,41009,5000,1,2,
50017,41009,5000,1,2,
50018,41013,5000,1,2,
50019,41010,5000,1,2,
50020,41011,5000,1,2,
50021,41013,5000,1,2,
50022,41012,5000,1,2,
50023,41013,5000,1,2,
50024,41011,5000,1,2,
50025,41011,5000,1,2,
50026,41009,5000,1,2,
50027,41013,5000,1,2,
50028,41011,5000,1,2,
50029,41009,5000,1,2,
50030,41011,5000,1,2,
50031,41010,5000,1,2,
50032,41009,5000,1,2,
50033,41013,5000,1,2,
50034,41010,5000,1,2,
50035,41009,5000,1,2,
50036,41010,5000,1,2,
50037,41010,5000,1,2,
50038,41011,5000,1,2,
50039,41011,5000,1,2,
50040,41012,5000,1,2,
50041,41010,5000,1,2,
50042,41013,5000,1,2,
50043,41013,5000,1,2,
50044,41013,5000,1,2,
50045,41011,5000,1,2,
50046,41009,5000,1,2,
50047,41009,5000,1,2,
50048,41010,5000,1,2,
50049,41013,5000,1,2,
50050,41011,5000,1,2,
50051,41012,5000,1,2,
50052,41009,5000,1,2,
50053,41010,5000,1,2,
50054,41009,5000,1,2,
50055,41013,5000,1,2,
50056,41013,5000,1,2,
50057,41010,5000,1,2,
50058,41012,5000,1,2,
50059,41010,5000,1,2,
50060,41012,5000,1,2,
50061,41009,5000,1,2,
50062,41013,5000,1,2,
50063,41011,5000,1,2,
50064,41013,5000,1,2,
50065,41010,5000,1,2,
50066,41012,5000,1,2,
50067,41009,5000,1,2,
50068,41010,5000,1,2,
50069,41010,5000,1,2,
50070,41009,5000,1,2,
50071,41010,5000,1,2,
50072,41013,5000,1,2,
50073,41011,5000,1,2,
50074,41010,5000,1,2,
50075,41012,5000,1,2,
50076,41012,5000,1,2,
50077,41013,5000,1,2,
50078,41013,5000,1,2,
50079,41009,5000,1,2,
50080,41013,5000,1,2,
50081,41013,5000,1,2,
50082,41009,5000,1,2,
50083,41009,5000,1,2,
50084,41010,5000,1,2,
50085,41013,5000,1,2,
50086,41012,5000,1,2,
50087,41009,5000,1,2,
50088,41011,5000,1,2,
50089,41010,5000,1,2,
50090,41013,5000,1,2,
50091,41009,5000,1,2,
50092,41012,5000,1,2,
50093,41012,5000,1,2,
50094,41013,5000,1,2,
50095,41012,5000,1,2,
50096,41009,5000,1,2,
50097,41011,5000,1,2,
50098,41013,5000,1,2,
50099,41013,5000,1,2,
50100,41010,5000,1,2,
50101,41010,5000,1,2,
50102,41013,5000,1,2,
50103,41013,5000,1,2,
50104,41011,5000,1,2,
50105,41012,5000,1,2,
50106,41012,5000,1,2,
50107,41011,5000,1,2,
50108,41009,5000,1,2,
50109,41011,5000,1,2,
50110,41012,5000,1,2,
50111,41010,5000,1,2,
50112,41011,5000,1,2,
50113,41012,5000,1,2,
50114,41013,5000,1,2,
50115,41010,5000,1,2,
50116,41013,5000,1,2,
50117,41011,5000,1,2,
50118,41013,5000,1,2,
50119,41009,5000,1,2,
50120,41013,5000,1,2,
50121,41009,5000,1,2,
50122,41010,5000,1,2,
50123,41010,5000,1,2,
50124,41011,5000,1,2,
50125,41013,5000,1,2,
50126,41012,5000,1,2,
50127,41010,5000,1,2,
50128,41010,5000,1,2,
50129,41013,5000,1,2,
50130,41011,5000,1,2,
50131,41013,5000,1,2,
50132,41012,5000,1,2,
50133,41011,5000,1,2,
50134,41010,5000,1,2,
50135,41009,5000,1,2,
50136,41011,5000,1,2,
50137,41009,5000,1,2,
50138,41010,5000,1,2,
50139,41010,5000,1,2,
50140,41009,5000,1,2,
50141,41009,5000,1,2,
50142,41010,5000,1,2,
50143,41010,5000,1,2,
50144,41009,5000,1,2,
50145,41012,5000,1,2,
50146,41009,5000,1,2,
50147,41013,5000,1,2,
50148,41010,5000,1,2,
50149,41012,5000,1,2,
50150,41013,5000,1,2,
50151,41013,5000,1,2,
50152,41009,5000,1,2,
50153,41010,5000,1,2,
50154,41012,5000,1,2,
50155,41010,5000,1,2,
50156,41013,5000,1,2,
50157,41013,5000,1,2,
50158,41011,5000,1,2,
50159,41013,5000,1,2,
50160,41012,5000,1,2,
50161,41013,5000,1,2,
50162,41011,5000,1,2,
50163,41010,5000,1,2,
50164,41012,5000,1,2,
50165,41009,5000,1,2,
50166,41012,5000,1,2,
50167,41011,5000,1,2,
50168,41009,5000,1,2,
50169,41013,5000,1,2,
50170,41012,5000,1,2,
50171,41013,5000,1,2,
50172,41009,5000,1,2,
50173,41013,5000,1,2,
50174,41012,5000,1,2,
50175,41011,5000,1,2,
50176,41010,5000,1,2,
50177,41007,5000,1,2,
50178,41007,5000,1,2,
50179,41013,5000,1,2,
50180,41011,5000,1,2,
50181,41010,5000,1,2,
50182,41007,5000,1,2,
50183,41009,5000,1,2,
50184,41012,5000,1,2,
50185,41012,5000,1,2,
50186,41009,5000,1,2,
50187,41006,5000,1,2,
50188,41006,5000,1,2,
50189,41006,5000,1,2,
50190,41008,5000,1,2,
50191,41009,5000,1,2,
50192,41011,5000,1,2,
50193,41008,5000,1,2,
50194,41010,5000,1,2,
50195,41009,5000,1,2,
50196,41011,5000,1,2,
50197,41012,5000,1,2,
50198,41013,5000,1,2,
50199,41013,5000,1,2,
50200,41006,5000,1,2,
50201,41007,5000,1,2,
50202,41008,5000,1,2,
50203,41011,5000,1,2,
50204,41009,5000,1,2,
50205,41010,5000,1,2,
50206,41010,5000,1,2,
50207,41013,5000,1,2,
50208,41012,5000,1,2,
50209,41009,5000,1,2,
50210,41010,5000,1,2,
50211,41010,5000,1,2,
50212,41009,5000,1,2,
50213,41006,5000,1,2,
50214,41006,5000,1,2,
50215,41006,5000,1,2,
50216,41009,5000,1,2,
50217,41012,5000,1,2,
50218,41009,5000,1,2,
50219,41013,5000,1,2,
50220,41013,5000,1,2,
50221,41009,5000,1,2,
50222,41012,5000,1,2,
50223,41007,5000,1,2,
50224,41013,5000,1,2,
50225,41011,5000,1,2,
50226,41008,5000,1,2,
50227,41011,5000,1,2,
50228,41011,5000,1,2,
50229,41010,5000,1,2,
50230,41008,5000,1,2,
50231,41008,5000,1,2,
50232,41011,5000,1,2,
50233,41008,5000,1,2,
50234,41008,5000,1,2,
50235,41010,5000,1,2,
50236,41013,5000,1,2,
50237,41009,5000,1,2,
50238,41011,5000,1,2,
50239,41011,5000,1,2,
50240,41013,5000,1,2,
50241,41013,5000,1,2,
50242,41007,5000,1,2,
50243,41012,5000,1,2,
50244,41007,5000,1,2,
50245,41013,5000,1,2,
50246,41007,5000,1,2,
50247,41011,5000,1,2,
50248,41007,5000,1,2,
50249,41013,5000,1,2,
50250,41012,5000,1,2,
50251,41007,5000,1,2,
50252,41006,5000,1,2,
50253,41006,5000,1,2,
50254,41006,5000,1,2,
50255,41011,5000,1,2,
50256,41013,5000,1,2,
50257,41006,5000,1,2,
50258,41006,5000,1,2,
50259,41013,5000,1,2,
50260,41009,5000,1,2,
50261,41009,5000,1,2,
50262,41009,5000,1,2,
50263,41009,5000,1,2,
50264,41013,5000,1,2,
50265,41008,5000,1,2,
50266,41012,5000,1,2,
50267,41008,5000,1,2,
50268,41008,5000,1,2,
50269,41009,5000,1,2,
50270,41009,5000,1,2,
50271,41011,5000,1,2,
50272,41006,5000,1,2,
50273,41008,5000,1,2,
50274,41010,5000,1,2,
50275,41011,5000,1,2,
50276,41010,5000,1,2,
50277,41013,5000,1,2,
50278,41010,5000,1,2,
50279,41007,5000,1,2,
50280,41010,5000,1,2,
50281,41009,5000,1,2,
50282,41012,5000,1,2,
50283,41013,5000,1,2,
50284,41013,5000,1,2,
50285,41009,5000,1,2,
50286,41010,5000,1,2,
50287,41006,5000,1,2,
50288,41009,5000,1,2,
50289,41006,5000,1,2,
50290,41009,5000,1,2,
50291,41010,5000,1,2,
50292,41013,5000,1,2,
50293,41007,5000,1,2,
50294,41010,5000,1,2,
50295,41010,5000,1,2,
50296,41007,5000,1,2,
50297,41013,5000,1,2,
50298,41009,5000,1,2,
50299,41009,5000,1,2,
50300,41011,5000,1,2,
50301,41008,5000,1,2,
50302,41010,5000,1,2,
50303,41011,5000,1,2,
50304,41013,5000,1,2,
50305,41010,5000,1,2,
50306,41010,5000,1,2,
50307,41008,5000,1,2,
50308,41010,5000,1,2,
50309,41007,5000,1,2,
50310,41008,5000,1,2,
50311,41010,5000,1,2,
50312,41009,5000,1,2,
50313,41006,5000,1,2,
50314,41013,5000,1,2,
50315,41006,5000,1,2,
50316,41006,5000,1,2,
50317,41013,5000,1,2,
50318,41006,5000,1,2,
50319,41006,5000,1,2,
50320,41009,5000,1,2,
50321,41013,5000,1,2,
50322,41006,5000,1,2,
50323,41006,5000,1,2,
50324,41006,5000,1,2,
50325,41007,5000,1,2,
50326,41007,5000,1,2,
50327,41010,5000,1,2,
50328,41007,5000,1,2,
50329,41007,5000,1,2,
50330,41007,5000,1,2,
50331,41009,5000,1,2,
50332,41007,5000,1,2,
50333,41007,5000,1,2,
50334,41011,5000,1,2,
50335,41008,5000,1,2,
50336,41008,5000,1,2,
50337,41012,5000,1,2,
50338,41008,5000,1,2,
50339,41008,5000,1,2,
50340,41013,5000,1,2,
50341,41010,5000,1,2,
50342,41012,5000,1,2,
50343,41008,5000,1,2,
50344,41011,5000,1,2,
50345,41010,5000,1,2,
50346,41007,5000,1,2,
50347,41010,5000,1,2,
50348,41013,5000,1,2,
50349,41009,5000,1,2,
50350,41013,5000,1,2,
50351,41011,5000,1,2,
50352,41011,5000,1,2,
50353,41012,5000,1,2,
50354,41011,5000,1,2,
50355,41007,5000,1,2,
50356,41012,5000,1,2,
50357,41007,5000,1,2,
50358,41007,5000,1,2,
50359,41009,5000,1,2,
50360,41012,5000,1,2,
50361,41010,5000,1,2,
50362,41011,5000,1,2,
50363,41011,5000,1,2,
50364,41012,5000,1,2,
50365,41006,5000,1,2,
50366,41010,5000,1,2,
50367,41012,5000,1,2,
50368,41012,5000,1,2,
50369,41006,5000,1,2,
50370,41013,5000,1,2,
50371,41010,5000,1,2,
50372,41009,5000,1,2,
50373,41013,5000,1,2,
50374,41012,5000,1,2,
50375,41011,5000,1,2,
50376,41008,5000,1,2,
50377,41010,5000,1,2,
50378,41009,5000,1,2,
50379,41012,5000,1,2,
50380,41009,5000,1,2,
50381,41011,5000,1,2,
50382,41008,5000,1,2,
50383,41009,5000,1,2,
50384,41007,5000,1,2,
50385,41008,5000,1,2,
50386,41008,5000,1,2,
50387,41007,5000,1,2,
50388,41008,5000,1,2,
50389,41010,5000,1,2,
50390,41006,5000,1,2,
50391,41009,5000,1,2,
50392,41006,5000,1,2,
50393,41012,5000,1,2,
50394,41013,5000,1,2,
50395,41006,5000,1,2,
50396,41013,5000,1,2,
50397,41006,5000,1,2,
50398,41011,5000,1,2,
50399,41009,5000,1,2,
50400,41012,5000,1,2,
50401,41011,5000,1,2,
50402,41007,5000,1,2,
50403,41007,5000,1,2,
50404,41007,5000,1,2,
50405,41007,5000,1,2,
50406,41007,5000,1,2,
50407,41010,5000,1,2,
50408,41010,5000,1,2,
50409,41010,5000,1,2,
50410,41011,5000,1,2,
50411,41012,5000,1,2,
50412,41010,5000,1,2,
50413,41008,5000,1,2,
50414,41011,5000,1,2,
50415,41013,5000,1,2,
50416,41011,5000,1,2,
50417,41008,5000,1,2,
50418,41008,5000,1,2,
50419,41010,5000,1,2,
50420,41006,5000,1,2,
50421,41011,5000,1,2,
50422,41012,5000,1,2,
50423,41008,5000,1,2,
50424,41009,5000,1,2,
50425,41012,5000,1,2,
50426,41013,5000,1,2,
50427,41010,5000,1,2,
50428,41011,5000,1,2,
50429,41011,5000,1,2,
50430,41012,5000,1,2,
50431,41008,5000,1,2,
50432,41010,5000,1,2,
50433,41012,5000,1,2,
50434,41012,5000,1,2,
50435,41008,5000,1,2,
50436,41013,5000,1,2,
50437,41010,5000,1,2,
50438,41009,5000,1,2,
50439,41013,5000,1,2,
50440,41012,5000,1,2,
50441,41011,5000,1,2,
50442,41007,5000,1,2,
50443,41010,5000,1,2,
50444,41009,5000,1,2,
50445,41012,5000,1,2,
50446,41009,5000,1,2,
50447,41011,5000,1,2,
50448,41007,5000,1,2,
50449,41009,5000,1,2,
50450,41007,5000,1,2,
50451,41007,5000,1,2,
50452,41006,5000,1,2,
50453,41006,5000,1,2,
50454,41006,5000,1,2,
50455,41010,5000,1,2,
50456,41006,5000,1,2,
50457,41009,5000,1,2,
50458,41007,5000,1,2,
50459,41011,5000,1,2,
50460,41012,5000,1,2,
50461,41010,5000,1,2,
50462,41007,5000,1,2,
50463,41011,5000,1,2,
50464,41013,5000,1,2,
